Date,Open,High,Low,Close,Adj Close,Volume,MA5,MA20,RSI,Unemployment_Rate,CPI,Fed_Funds_Rate,SP500
2019-02-01,41.740002,42.244999,41.482498,41.630001,40.18026,130672400,40.4595002,38.79875,70.65312589078322,3.8,253.319,2.4,2706.53
2019-02-04,41.852501,42.915001,41.82,42.8125,41.32159,125982000,41.207,39.08612505,78.80182458000029,3.8,253.319,2.4,2706.53
2019-02-05,43.215,43.77,43.087502,43.544998,42.028572,144406400,42.182,39.41425005,78.72106041446305,3.8,253.319,2.4,2706.53
2019-02-06,43.662498,43.892502,43.212502,43.560001,42.043056,112958400,42.6315002,39.707875099999995,77.61875607183327,3.8,253.319,2.4,2706.53
2019-02-07,43.099998,43.485001,42.584999,42.735001,41.246788,126966800,42.8565002,39.928250199999994,70.20363435954548,3.8,253.319,2.4,2706.53
2019-02-08,42.247501,42.665001,42.105,42.602501,41.295254,95280000,43.0510002,40.1358752,68.4196105071236,3.8,253.319,2.4,2706.53
2019-02-11,42.762501,42.802502,42.3125,42.357498,41.057762,83973600,42.9599998,40.3501252,73.4788571351383,3.8,253.319,2.4,2706.53
2019-02-12,42.525002,42.75,42.424999,42.7225,41.411564,89134000,42.7955002,40.6112502,74.11193621831633,3.8,253.319,2.4,2706.53
2019-02-13,42.8475,43.119999,42.48,42.544998,41.239513,89960800,42.5924996,40.825125,75.20180770243545,3.8,253.319,2.4,2706.53
2019-02-14,42.427502,42.814999,42.345001,42.700001,41.389763,87342800,42.5854996,41.023375,71.56081986091561,3.8,253.319,2.4,2706.53
2019-02-15,42.8125,42.924999,42.4375,42.605,41.297672,98507200,42.5859994,41.205375,74.21118496705836,3.8,253.319,2.4,2706.53
2019-02-19,42.427502,42.860001,42.372501,42.732498,41.421253,75891200,42.6609994,41.3817498,78.96608233968084,3.8,253.319,2.4,2706.53
2019-02-20,42.797501,43.330002,42.747501,43.0075,41.687828,104457600,42.717999400000004,41.61587475,68.24537805284464,3.8,253.319,2.4,2706.53
2019-02-21,42.950001,43.092499,42.575001,42.764999,41.452755,68998800,42.7619996,41.8301247,62.581644666724245,3.8,253.319,2.4,2706.53
2019-02-22,42.895,43.25,42.845001,43.2425,41.915615,75652800,42.8704994,42.08349975,65.97320304078465,3.8,253.319,2.4,2706.53
2019-02-25,43.540001,43.967499,43.487499,43.557499,42.220951,87493600,43.060999200000005,42.28937474999999,58.91144357685013,3.8,253.319,2.4,2706.53
2019-02-26,43.427502,43.825001,43.2925,43.5825,42.245182,68280800,43.2309996,42.514749699999996,50.53998311310881,3.8,253.319,2.4,2706.53
2019-02-27,43.302502,43.75,43.182499,43.717499,42.376034,111341600,43.3729994,42.76712475,52.19203164805012,3.8,253.319,2.4,2706.53
2019-02-28,43.580002,43.727501,43.23,43.287498,41.959232,112861600,43.4774992,42.865874649999995,58.63948012095658,3.8,253.319,2.4,2706.53
2019-03-01,43.57,43.787498,43.2225,43.7425,42.400265,103544800,43.5774992,42.972499600000006,66.1930986089549,3.8,254.277,2.41,2803.69
2019-03-04,43.922501,44.4375,43.4925,43.962502,42.613525,109744800,43.6584998,43.08912465,72.96133863841469,3.8,254.277,2.41,2803.69
2019-03-05,43.985001,44.0,43.634998,43.8825,42.535969,78949600,43.7184998,43.14262465,68.06845702230592,3.8,254.277,2.41,2803.69
2019-03-06,43.6675,43.872501,43.485001,43.630001,42.291229,83241600,43.701000199999996,43.1468748,66.51445002771682,3.8,254.277,2.41,2803.69
2019-03-07,43.467499,43.610001,43.005001,43.125,41.80172,99185600,43.6685006,43.125124750000005,55.84591399911251,3.8,254.277,2.41,2803.69
2019-03-08,42.580002,43.267502,42.375,43.227501,41.901073,95997600,43.5655008,43.14974975,58.544948001501176,3.8,254.277,2.41,2803.69
2019-03-11,43.872501,44.779999,43.837502,44.724998,43.352627,128044000,43.718,43.2558746,69.87527999955316,3.8,254.277,2.41,2803.69
2019-03-12,45.0,45.6675,44.842499,45.227501,43.839703,129870400,43.9870002,43.39937475,71.18317926553182,3.8,254.277,2.41,2803.69
2019-03-13,45.5625,45.825001,45.23,45.427502,44.033569,124130000,44.346500400000004,43.53462485,75.61326012133888,3.8,254.277,2.41,2803.69
2019-03-14,45.974998,46.025002,45.639999,45.932499,44.523071,94318000,44.908000200000004,43.7039999,75.74159259177745,3.8,254.277,2.41,2803.69
2019-03-15,46.212502,46.8325,45.935001,46.529999,45.102238,156171600,45.5684998,43.895499799999996,76.98589888054593,3.8,254.277,2.41,2803.69
2019-03-18,46.450001,47.0975,46.447498,47.005001,45.562668,104879200,46.0245004,44.11549985,78.7242717465544,3.8,254.277,2.41,2803.69
2019-03-19,47.087502,47.247501,46.48,46.6325,45.201595,126585600,46.3055002,44.31049995,73.52701182516445,3.8,254.277,2.41,2803.69
2019-03-20,46.557499,47.372501,46.182499,47.040001,45.596584,124140800,46.628,44.512125,80.39690181091675,3.8,254.277,2.41,2803.69
2019-03-21,47.505001,49.0825,47.452499,48.772499,47.275917,204136800,47.196,44.8125,83.7583598937182,3.8,254.277,2.41,2803.69
2019-03-22,48.834999,49.422501,47.695,47.762501,46.296913,169630800,47.4425004,45.038500049999996,73.05824356089275,3.8,254.277,2.41,2803.69
2019-03-25,47.877499,47.994999,46.650002,47.185001,45.737133,175381200,47.478500399999994,45.21987515,68.89843420869059,3.8,254.277,2.41,2803.69
2019-03-26,47.915001,48.220001,46.145,46.697498,45.264595,199202000,47.491499999999995,45.375625050000004,67.09387558856208,3.8,254.277,2.41,2803.69
2019-03-27,47.1875,47.439999,46.637501,47.1175,45.671711,119393600,47.5069998,45.545625099999995,72.4613119724053,3.8,254.277,2.41,2803.69
2019-03-28,47.237499,47.389999,46.8825,47.18,45.732288,83121600,47.1885,45.740250200000006,72.33680508500535,3.8,254.277,2.41,2803.69
2019-03-29,47.4575,47.52,47.134998,47.487499,46.03035,94256000,47.13349960000001,45.92750015,68.03786611957811,3.8,254.277,2.41,2803.69
2019-04-01,47.91,47.919998,47.095001,47.810001,46.34296,111448000,47.25849960000001,46.1198751,67.2684628453559,3.7,255.233,2.42,2867.19
2019-04-02,47.772499,48.615002,47.762501,48.505001,47.016636,91062800,47.62000020000001,46.35100015,69.30070769493597,3.7,255.233,2.42,2867.19
2019-04-03,48.3125,49.125,48.287498,48.837502,47.33894,93087200,47.964000600000006,46.6113752,68.62179739069465,3.7,255.233,2.42,2867.19
2019-04-04,48.697498,49.092499,48.285,48.922501,47.421318,76457200,48.312500799999995,46.90125025,66.41509454674892,3.7,255.233,2.42,2867.19
2019-04-05,49.112499,49.275002,48.982498,49.25,47.738766,74106400,48.665001,47.2023752,65.72127490702735,3.7,255.233,2.42,2867.19
2019-04-08,49.105,50.057499,49.084999,50.025002,48.490002,103526800,49.1080012,47.467375399999995,72.48922904117784,3.7,255.233,2.42,2867.19
2019-04-09,50.080002,50.712502,49.807499,49.875,48.344597,143072800,49.382000999999995,47.69975035,69.45776976131108,3.7,255.233,2.42,2867.19
2019-04-10,49.669998,50.185001,49.544998,50.154999,48.615993,86781200,49.645500399999996,47.9361252,61.85168090697202,3.7,255.233,2.42,2867.19
2019-04-11,50.212502,50.25,49.610001,49.737499,48.211315,83603200,49.8085,48.1263752,68.84537199179852,3.7,255.233,2.42,2867.19
2019-04-12,49.799999,50.035,49.052502,49.717499,48.191929,111042800,49.9019998,48.2857502,77.04211076628168,3.7,255.233,2.42,2867.19
2019-04-15,49.645,49.962502,49.502499,49.807499,48.279167,70146400,49.8584992,48.4258751,86.28935088757187,3.7,255.233,2.42,2867.19
2019-04-16,49.865002,50.342499,49.639999,49.8125,48.284016,102785600,49.8459992,48.5848751,84.81908545830959,3.7,255.233,2.42,2867.19
2019-04-17,49.884998,50.845001,49.6525,50.782501,49.224243,115627200,49.9714996,48.7720001,87.70274442412934,3.7,255.233,2.42,2867.19
2019-04-18,50.779999,51.037498,50.630001,50.965,49.401154,96783200,50.2169998,48.88162515,87.3723510238033,3.7,255.233,2.42,2867.19
2019-04-22,50.7075,51.235001,50.584999,51.1325,49.563507,77758000,50.5,49.0501251,86.93715157054925,3.7,255.233,2.42,2867.19
2019-04-23,51.107498,51.9375,50.974998,51.869999,50.278385,93292000,50.9125,49.284375,87.05943301346562,3.7,255.233,2.42,2867.19
2019-04-24,51.84,52.119999,51.762501,51.790001,50.200836,70162400,51.3080002,49.53900015,84.43148324932545,3.7,255.233,2.42,2867.19
2019-04-25,51.7075,51.939999,51.279999,51.32,49.745258,74172800,51.415499999999994,49.749125150000005,75.65541451997551,3.7,255.233,2.42,2867.19
2019-04-26,51.224998,51.25,50.529999,51.075001,49.507774,74596400,51.4375002,49.943875199999994,69.8801808539911,3.7,255.233,2.42,2867.19
2019-04-29,51.099998,51.4925,50.965,51.1525,49.582897,88818800,51.44150020000001,50.12712525,64.48296184095665,3.7,255.233,2.42,2867.19
2019-04-30,50.764999,50.849998,49.7775,50.1675,48.628113,186139600,51.1010004,50.2450002,53.093603886708706,3.7,255.233,2.42,2867.19
2019-05-01,52.470001,53.827499,52.307499,52.630001,51.015064,259309200,51.269000399999996,50.4512502,67.90884744105568,3.6,255.296,2.39,2923.73
2019-05-02,52.459999,53.162498,52.032501,52.287498,50.683075,127985200,51.4625,50.62375,68.65397678800628,3.6,255.296,2.39,2923.73
2019-05-03,52.7225,52.959999,52.557499,52.9375,51.313122,83569600,51.834999800000006,50.82449995,71.5673121631699,3.6,255.296,2.39,2923.73
2019-05-06,51.072498,52.209999,50.875,52.119999,50.52071,129772400,52.028499599999996,50.9679999,64.11351157106543,3.6,255.296,2.39,2923.73
2019-05-07,51.470001,51.855,50.2075,50.715,49.158825,155054800,52.1379996,51.002499799999995,54.70419500564088,3.6,255.296,2.39,2923.73
2019-05-08,50.474998,51.334999,50.4375,50.724998,49.168507,105358000,51.75699899999999,51.0449997,49.666938855133345,3.6,255.296,2.39,2923.73
2019-05-09,50.099998,50.419998,49.165001,50.18,48.64024,139634400,51.3354994,51.04624975,45.63646373239881,3.6,255.296,2.39,2923.73
2019-05-10,49.355,49.712502,48.192501,49.294998,47.966396,164834800,50.606998999999995,51.0241247,40.540530244530245,3.6,255.296,2.39,2923.73
2019-05-13,46.927502,47.369999,45.712502,46.43,45.178623,229722400,49.4689992,50.85974975,27.02702930971533,3.6,255.296,2.39,2923.73
2019-05-14,46.602501,47.424999,46.352501,47.165001,45.893818,146118800,48.75899940000001,50.72762485,31.492600001184485,3.6,255.296,2.39,2923.73
2019-05-15,46.567501,47.9375,46.505001,47.73,46.443577,106178800,48.159999799999994,50.623499849999995,35.742652899126284,3.6,255.296,2.39,2923.73
2019-05-16,47.477501,48.1175,47.209999,47.52,46.239246,132125600,47.6279998,50.4603748,35.842291051987985,3.6,255.296,2.39,2923.73
2019-05-17,46.732498,47.724998,46.689999,47.25,45.976524,131516400,47.219000199999996,50.274624800000005,34.69307947549251,3.6,255.296,2.39,2923.73
2019-05-20,45.880001,46.087502,45.07,45.772499,44.538841,154449200,47.0875,50.00662475,33.402567960143216,3.6,255.296,2.39,2923.73
2019-05-21,46.305,47.0,46.174999,46.650002,45.392693,113459200,46.9845002,49.7456249,24.345789641445847,3.6,255.296,2.39,2923.73
2019-05-22,46.165001,46.427502,45.637501,45.695,44.463432,118994400,46.577500199999996,49.44087485,23.13023904455214,3.6,255.296,2.39,2923.73
2019-05-23,44.950001,45.134998,44.452499,44.915001,43.70446,146118800,46.056500400000004,49.120624899999996,17.644693071611712,3.6,255.296,2.39,2923.73
2019-05-24,45.049999,45.535,44.654999,44.7425,43.536598,94858800,45.555000400000004,48.803999850000004,18.613067975914177,3.6,255.296,2.39,2923.73
2019-05-28,44.73,45.147499,44.477501,44.557499,43.35659,111792800,45.3120004,48.4742498,20.769051762909484,3.6,255.296,2.39,2923.73
2019-05-29,44.105,44.837502,44.0,44.345001,43.149811,113924800,44.8510002,48.18312485,20.28413965045,3.6,255.296,2.39,2923.73
2019-05-30,44.487499,44.807499,44.1675,44.575001,43.373615,84873600,44.6270004,47.78037485,23.104624230026715,3.6,255.296,2.39,2923.73
2019-05-31,44.057499,44.497501,43.747501,43.767502,42.587879,108174400,44.3975006,47.35437505,23.27776199608175,3.6,255.296,2.39,2923.73
2019-07-01,50.7925,51.122501,50.162498,50.387501,49.029465,109012000,49.729001,48.595375,64.29178965224762,3.7,255.802,2.4,2964.33
2019-07-02,50.352501,50.782501,50.34,50.682499,49.316502,67740800,50.0870004,48.883999949999996,67.68846727423366,3.7,255.802,2.4,2964.33
2019-07-03,50.82,51.110001,50.672501,51.102501,49.725189,45448000,50.3175004,49.1573751,69.89917298668314,3.7,255.802,2.4,2964.33
2019-07-05,50.837502,51.27,50.724998,51.057499,49.681393,69062000,50.542,49.39500005,73.40119045136265,3.7,255.802,2.4,2964.33
2019-07-08,50.202499,50.349998,49.602501,50.005001,48.657269,101354400,50.6470002,49.5183752,61.101052763033955,3.7,255.802,2.4,2964.33
2019-07-09,49.799999,50.377499,49.702499,50.310001,48.954048,82312000,50.6315002,49.626625250000004,55.74784952758169,3.7,255.802,2.4,2964.33
2019-07-10,50.462502,50.932499,50.389999,50.807499,49.438133,71588400,50.656500199999996,49.73187525,60.43613382051909,3.7,255.802,2.4,2964.33
2019-07-11,50.827499,51.0975,50.427502,50.4375,49.078102,80767200,50.5235,49.8263752,54.47788955115827,3.7,255.802,2.4,2964.33
2019-07-12,50.612499,51.0,50.549999,50.825001,49.455166,70380800,50.477000399999994,49.94075035,58.54766651180024,3.7,255.802,2.4,2964.33
2019-07-15,51.022499,51.467499,51.0,51.302502,49.9198,67789600,50.7365006,50.09662540000001,61.77621649057659,3.7,255.802,2.4,2964.33
2019-07-16,51.147499,51.5275,50.875,51.125,49.747074,67467200,50.8995004,50.2292504,67.27270645332104,3.7,255.802,2.4,2964.33
2019-07-17,51.012501,51.272499,50.817501,50.837502,49.467335,56430000,50.905501,50.290500550000004,57.79535216594605,3.7,255.802,2.4,2964.33
2019-07-18,51.0,51.470001,50.924999,51.415001,50.029263,74162400,51.1010012,50.38787565,61.83053557154276,3.7,255.802,2.4,2964.33
2019-07-19,51.447498,51.625,50.59,50.647499,49.282452,83717200,51.0655008,50.427000500000005,58.88845696407211,3.7,255.802,2.4,2964.33
2019-07-22,50.912498,51.807499,50.9025,51.805,50.40876,89111600,51.1660004,50.5325005,60.396030744990036,3.7,255.802,2.4,2964.33
2019-07-23,52.115002,52.227501,51.822498,52.209999,50.802837,73420800,51.383000200000005,50.66075045,61.02489757491235,3.7,255.802,2.4,2964.33
2019-07-24,51.9175,52.287498,51.7925,52.1675,50.761478,59966400,51.6489998,50.82450035,58.12976459996408,3.7,255.802,2.4,2964.33
2019-07-25,52.2225,52.310001,51.682499,51.755001,50.3601,55638400,51.71699980000001,50.914750350000006,55.04157862902994,3.7,255.802,2.4,2964.33
2019-07-26,51.869999,52.432499,51.785,51.935001,50.535252,70475600,51.9745002,51.01475035,65.96361156777888,3.7,255.802,2.4,2964.33
2019-07-29,52.115002,52.66,52.110001,52.419998,51.007175,86693600,52.0974998,51.16175025,66.94778068094837,3.7,255.802,2.4,2964.33
2019-07-30,52.189999,52.540001,51.827499,52.195,50.788242,135742800,52.094500000000004,51.2521252,61.654785094317624,3.7,255.802,2.4,2964.33
2019-07-31,54.105,55.342499,52.825001,53.259998,51.824535,277125600,52.3129996,51.38100015,71.22978975234884,3.7,255.802,2.4,2964.33
2019-08-01,53.474998,54.5075,51.685001,52.107498,50.703094,216071600,52.38349900000001,51.43125,58.650915420763305,3.6,256.036,2.13,2953.56
2019-08-02,51.3825,51.607498,50.407501,51.005001,49.630322,163448400,52.19749900000001,51.4286251,48.149291401829615,3.6,256.036,2.13,2953.56
2019-08-05,49.497501,49.662498,48.145,48.334999,47.032276,209572000,51.38049920000001,51.34512500000001,36.75211816460588,3.6,256.036,2.13,2953.56
2019-08-06,49.077499,49.517502,48.509998,49.25,47.922607,143299200,50.791499200000004,51.29212495,42.88593709052177,3.6,256.036,2.13,2953.56
2019-08-07,48.852501,49.889999,48.455002,49.759998,48.418869,133457600,50.0914992,51.23974990000001,42.53830323216677,3.6,256.036,2.13,2953.56
2019-08-08,50.049999,50.8825,49.8475,50.857498,49.486782,108038000,49.8414992,51.2607498,50.91943608702249,3.6,256.036,2.13,2953.56
2019-08-09,50.325001,50.689999,49.822498,50.247501,49.079002,98478800,49.6899992,51.2318748,42.837428609926796,3.6,256.036,2.13,2953.56
2019-08-12,49.904999,50.512501,49.787498,50.119999,48.954468,89927600,50.0469992,51.17274965,40.13684583691834,3.6,256.036,2.13,2953.56
2019-08-13,50.255001,53.035,50.119999,52.2425,51.027603,188874000,50.6454992,51.22862465000001,50.2958582215844,3.6,256.036,2.13,2953.56
2019-08-14,50.790001,51.610001,50.647499,50.6875,49.50877,146189600,50.8309996,51.22112455,46.13713879024781,3.6,256.036,2.13,2953.56
2019-08-15,50.865002,51.285,49.9175,50.435001,49.262138,108909600,50.7465002,51.17212455,44.600428078061974,3.6,256.036,2.13,2953.56
2019-08-16,51.07,51.790001,50.959999,51.625,50.424469,110481600,51.022000000000006,51.220999600000006,47.276469901456615,3.6,256.036,2.13,2953.56
2019-08-19,52.654999,53.182499,52.5075,52.587502,51.364578,97654400,51.515500599999996,51.260124700000006,51.27996772345482,3.6,256.036,2.13,2953.56
2019-08-20,52.720001,53.337502,52.580002,52.59,51.367023,107537200,51.5850006,51.27912475000001,47.652424009088726,3.6,256.036,2.13,2953.56
2019-08-21,53.247501,53.412498,52.900002,53.16,51.923771,86141600,52.0795006,51.32874975,53.84475728796559,3.6,256.036,2.13,2953.56
2019-08-22,53.297501,53.610001,52.6875,53.115002,51.879818,89014800,52.61550079999999,51.396749799999995,58.353133417213,3.6,256.036,2.13,2953.56
2019-08-23,52.357498,53.012501,50.25,50.66,49.481907,187272000,52.4225008,51.33299975,59.3636792662938,3.6,256.036,2.13,2953.56
2019-08-26,51.465,51.797501,51.264999,51.622501,50.422024,104174400,52.229500599999994,51.293124899999995,59.518561970365965,3.6,256.036,2.13,2953.56
2019-08-27,51.965,52.137501,50.8825,51.040001,49.853077,103493200,51.919500799999994,51.23537495000001,55.1057164025302,3.6,256.036,2.13,2953.56
2019-08-28,51.025002,51.43,50.830002,51.3825,50.187603,63755200,51.564000799999995,51.141500050000005,52.22836200821087,3.6,256.036,2.13,2953.56
2019-08-29,52.125,52.330002,51.665001,52.252499,51.037369,83962000,51.391500199999996,51.148750099999994,58.32640365448504,3.6,256.036,2.13,2953.56
2019-08-30,52.540001,52.612499,51.799999,52.185001,50.971436,84573600,51.696500400000005,51.2077501,58.61854210969686,3.6,256.036,2.13,2953.56
2019-10-01,56.267502,57.055,56.049999,56.147499,54.841797,139223200,55.415000199999994,54.734874749999996,51.83418875005465,3.6,257.155,1.83,2940.25
2019-10-02,55.764999,55.895,54.482498,54.740002,53.467026,138449200,55.3115006,54.8569998,43.624593223166784,3.6,257.155,1.83,2940.25
2019-10-03,54.607498,55.240002,53.782501,55.205002,53.921211,114426000,55.358001,54.95124989999999,53.46039451688399,3.6,257.155,1.83,2940.25
2019-10-04,56.41,56.872501,55.9725,56.752499,55.432728,138478800,55.767500399999996,55.12312490000001,60.17168070634399,3.6,257.155,1.83,2940.25
2019-10-07,56.567501,57.482498,56.459999,56.764999,55.444931,122306000,55.9220002,55.28424985,59.298247789063815,3.6,257.155,1.83,2940.25
2019-10-08,56.455002,57.014999,56.0825,56.099998,54.795399,111820000,55.9125,55.380499799999996,52.34261075341559,3.6,257.155,1.83,2940.25
2019-10-09,56.7575,56.947498,56.41,56.7575,55.437611,74770400,56.3159996,55.42349985,58.52287559674249,3.6,257.155,1.83,2940.25
2019-10-10,56.982498,57.610001,56.825001,57.522499,56.184818,113013600,56.779499,55.510999850000005,67.43793112321944,3.6,257.155,1.83,2940.25
2019-10-11,58.237499,59.41,58.077499,59.052502,57.679241,166795600,57.2394996,55.72924995000001,71.55535056551152,3.6,257.155,1.83,2940.25
2019-10-14,58.724998,59.532501,58.6675,58.967499,57.596218,96427600,57.679999599999995,55.92887499999999,72.8116451278299,3.6,257.155,1.83,2940.25
2019-10-15,59.0975,59.412498,58.720001,58.830002,57.46191,87360000,58.2260004,56.11162515000001,69.274369101291,3.6,257.155,1.83,2940.25
2019-10-16,58.342499,58.810001,58.299999,58.592499,57.229931,73903200,58.59300019999999,56.256625050000004,69.6312374071271,3.6,257.155,1.83,2940.25
2019-10-17,58.772499,59.037498,58.380001,58.82,57.452145,67585200,58.8525004,56.43562495,72.41284313725485,3.6,257.155,1.83,2940.25
2019-10-18,58.647499,59.395,58.572498,59.102501,57.728077,97433600,58.8625002,56.669125050000005,69.02140586370422,3.6,257.155,1.83,2940.25
2019-10-21,59.380001,60.247501,59.330002,60.127499,58.729237,87247200,59.09450019999999,56.9415,72.00110071838563,3.6,257.155,1.83,2940.25
2019-10-22,60.290001,60.549999,59.904999,59.990002,58.594936,82293600,59.3265002,57.220000199999994,83.76204919304195,3.6,257.155,1.83,2940.25
2019-10-23,60.525002,60.810001,60.305,60.794998,59.381214,75828800,59.76700000000001,57.4968751,84.44237447747979,3.6,257.155,1.83,2940.25
2019-10-24,61.127499,61.200001,60.452499,60.895,59.478893,69275200,60.181999999999995,57.79300009999999,81.0648604132611,3.6,257.155,1.83,2940.25
2019-10-25,60.790001,61.682499,60.720001,61.645,60.211452,73477200,60.6904998,58.14,82.95070238324001,3.6,257.155,1.83,2940.25
2019-10-28,61.855,62.3125,61.68,62.262501,60.81459,96572800,61.117500199999995,58.45350005,91.87903830960038,3.6,257.155,1.83,2940.25
2019-10-29,62.2425,62.4375,60.642502,60.822498,59.408073,142839600,61.283999400000006,58.687250000000006,74.96926291436712,3.6,257.155,1.83,2940.25
2019-10-30,61.189999,61.325001,60.302502,60.814999,59.400745,124522000,61.2879996,58.99099985,72.29934450424948,3.6,257.155,1.83,2940.25
2019-10-31,61.810001,62.2925,59.314999,62.189999,60.743771,139162000,61.546999400000004,59.3402497,71.70526852919147,3.6,257.155,1.83,2940.25
2019-11-01,62.384998,63.982498,62.290001,63.955002,62.467728,151125200,62.008999800000005,59.70037484999999,77.99608442367841,3.6,257.879,1.55,3066.91
2019-11-04,64.332497,64.462502,63.845001,64.375,62.87796,103272000,62.43149960000001,60.08087489999999,80.16864414175313,3.6,257.879,1.55,3066.91
2019-11-05,64.262497,64.547501,64.080002,64.282501,62.787621,79897600,63.1235002,60.490000050000006,81.45385991240678,3.6,257.879,1.55,3066.91
2019-11-06,64.192497,64.372498,63.842499,64.309998,62.814476,75864400,63.822500000000005,60.86762495000001,81.03449250502594,3.6,257.879,1.55,3066.91
2019-11-07,64.684998,65.087502,64.527496,64.857498,63.539436,94940400,64.35599979999999,61.2343749,81.58617684997121,3.6,257.879,1.55,3066.91
2019-11-08,64.672501,65.110001,64.212502,65.035004,63.713329,69986400,64.57200019999999,61.53349999999999,79.69745480212342,3.6,257.879,1.55,3066.91
2019-11-11,64.574997,65.6175,64.57,65.550003,64.217865,81821200,64.8070008,61.862625200000004,82.17592054076832,3.6,257.879,1.55,3066.91
2019-11-12,65.387497,65.697502,65.230003,65.489998,64.159073,87388800,65.0485002,62.19562499999999,79.73396367225276,3.6,257.879,1.55,3066.91
2019-11-13,65.282501,66.195,65.267502,66.1175,64.773827,102734400,65.4100006,62.57187505,81.00322089181941,3.6,257.879,1.55,3066.91
2019-11-14,65.9375,66.220001,65.525002,65.660004,64.32563,89182800,65.5705018,62.913875250000004,74.69249722755491,3.6,257.879,1.55,3066.91
2019-11-15,65.919998,66.445,65.752502,66.440002,65.089783,100206400,65.8515014,63.2807503,75.18841411612046,3.6,257.879,1.55,3066.91
2019-11-18,66.449997,66.857498,66.057503,66.775002,65.417969,86703200,66.0965012,63.613125450000005,91.40871195583648,3.6,257.879,1.55,3066.91
2019-11-19,66.974998,67.0,66.347504,66.572502,65.219574,76167200,66.31300200000001,63.94225045,88.99424761493478,3.6,257.879,1.55,3066.91
2019-11-20,66.385002,66.519997,65.099998,65.797501,64.460335,106234400,66.24900219999999,64.1923756,76.59417524855112,3.6,257.879,1.55,3066.91
2019-11-21,65.922501,66.002502,65.294998,65.502502,64.171341,121395200,66.21750180000001,64.42275070000001,64.56470588235294,3.6,257.879,1.55,3066.91
2019-11-22,65.647499,65.794998,65.209999,65.445,64.115005,65325200,66.0185014,64.6127507,60.80807207428505,3.6,257.879,1.55,3066.91
2019-11-25,65.677498,66.610001,65.629997,66.592499,65.239174,84020400,65.9820008,64.82925060000001,69.23394222551718,3.6,257.879,1.55,3066.91
2019-11-26,66.735001,66.790001,65.625,66.072502,64.729736,105207600,65.88200079999999,65.0917508,63.56293124252015,3.6,257.879,1.55,3066.91
2019-11-27,66.394997,66.995003,66.327499,66.959999,65.599205,65235600,66.1145004,65.3990008,65.37477654482228,3.6,257.879,1.55,3066.91
2019-11-29,66.650002,67.0,66.474998,66.8125,65.454697,46617600,66.3765,65.63012585,63.055435671335076,3.6,257.879,1.55,3066.91
2020-04-01,61.625,62.18,59.782501,60.227501,59.143559,176218400,62.8095,64.04762529999999,47.885617366665954,14.8,256.032,0.05,2470.5
2020-04-02,60.084999,61.287498,59.224998,61.232498,60.13047,165934000,62.13399940000001,63.44775005,38.79087556865259,14.8,256.032,0.05,2470.5
2020-04-03,60.700001,61.424999,59.7425,60.352501,59.266312,129880000,61.817499399999996,62.85250010000001,49.652594992994786,14.8,256.032,0.05,2470.5
2020-04-06,62.724998,65.777496,62.345001,65.6175,64.436554,201820400,62.2004996,62.806249949999994,53.82716146928847,14.8,256.032,0.05,2470.5
2020-04-07,67.699997,67.925003,64.75,64.857498,63.690231,202887200,62.457499600000006,62.4823749,55.21241605472211,14.8,256.032,0.05,2470.5
2020-04-08,65.684998,66.842499,65.307503,66.517502,65.320366,168895200,63.715499799999996,62.365375099999994,58.37200524558426,14.8,256.032,0.05,2470.5
2020-04-09,67.175003,67.517502,66.175003,66.997498,65.791718,161834800,64.8684998,62.61237504999999,67.0659714729096,14.8,256.032,0.05,2470.5
2020-04-13,67.077499,68.425003,66.457497,68.3125,67.083046,131022800,66.4604996,62.55337505,71.45365720745386,14.8,256.032,0.05,2470.5
2020-04-14,70.0,72.0625,69.512497,71.762497,70.47097,194994800,67.689499,63.113874800000005,69.09039030145053,14.8,256.032,0.05,2470.5
2020-04-15,70.599998,71.582497,70.157501,71.107498,69.827751,131154400,68.939499,63.508499699999994,68.27275480418157,14.8,256.032,0.05,2470.5
2020-04-16,71.845001,72.050003,70.587502,71.672501,70.382591,157125200,69.9704988,64.00874974999999,64.7427248905876,14.8,256.032,0.05,2470.5
2020-04-17,71.172501,71.737503,69.214996,70.699997,69.427589,215250000,70.7109986,64.4839996,69.69662376568516,14.8,256.032,0.05,2470.5
2020-04-20,69.487503,70.419998,69.212502,69.232498,67.986488,130015200,70.8949982,65.08012445,62.5968103776962,14.8,256.032,0.05,2470.5
2020-04-21,69.07,69.3125,66.357498,67.092499,65.88501,180991600,69.96099860000001,65.63012445000001,57.34557957962847,14.8,256.032,0.05,2470.5
2020-04-22,68.402496,69.474998,68.050003,69.025002,67.782738,116862400,69.54449939999999,65.9953745,69.50881607677945,14.8,256.032,0.05,2470.5
2020-04-23,68.967499,70.4375,68.717499,68.7575,67.520042,124814400,68.96149919999999,66.36424945,67.25126072867656,14.8,256.032,0.05,2470.5
2020-04-24,69.300003,70.752502,69.25,70.7425,69.469337,126161200,68.9699998,66.6708744,72.67072860412146,14.8,256.032,0.05,2470.5
2020-04-27,70.449997,71.135002,69.987503,70.792503,69.518433,117087600,69.2820008,67.11374950000001,64.61864180551731,14.8,256.032,0.05,2470.5
2020-04-28,71.269997,71.457497,69.550003,69.644997,68.391571,112004800,69.7925004,67.4108744,63.234262613270815,14.8,256.032,0.05,2470.5
2020-04-29,71.182503,72.417503,70.972504,71.932503,70.637917,137280800,70.3740006,67.82887465,64.46699306049331,14.8,256.032,0.05,2470.5
2020-04-30,72.489998,73.6325,72.087502,73.449997,72.12809,183064000,71.3125,68.48999945,66.33335893344633,14.8,256.032,0.05,2470.5
2020-05-01,71.5625,74.75,71.462502,72.267502,70.966873,240616800,71.6175004,69.04174965,60.07900097910246,13.2,255.802,0.05,2830.71
2020-05-04,72.292503,73.422501,71.580002,73.290001,71.97097,133568000,72.11699999999999,69.68862465,54.44235257768035,13.2,255.802,0.05,2830.71
2020-05-05,73.764999,75.25,73.614998,74.389999,73.051163,147751200,73.06600040000001,70.1272496,59.305454153933624,13.2,255.802,0.05,2830.71
2020-05-06,75.114998,75.809998,74.717499,75.157501,73.804871,142333600,73.711,70.64224974999999,59.76737120663049,13.2,255.802,0.05,2830.71
2020-05-07,75.805,76.292503,75.4925,75.934998,74.568367,115215200,74.2080002,71.11312455,64.83423097179411,13.2,255.802,0.05,2830.71
2020-05-08,76.410004,77.587502,76.072502,77.532501,76.343231,133838400,75.261,71.6398747,73.34739727528655,13.2,255.802,0.05,2830.71
2020-05-11,77.025002,79.262497,76.809998,78.752502,77.54451,145946400,76.35350020000001,72.16187479999999,84.58913311763878,13.2,255.802,0.05,2830.71
2020-05-12,79.457497,79.922501,77.727501,77.852501,76.658302,162301200,77.0460006,72.466375,77.89538661604004,13.2,255.802,0.05,2830.71
2020-05-13,78.037498,78.987503,75.802498,76.912498,75.732712,200622400,77.397,72.75662500000001,74.71959395230363,13.2,255.802,0.05,2830.71
2020-05-14,76.127502,77.447502,75.3825,77.385002,76.197975,158929200,77.68700079999999,73.04225005,72.16751770330634,13.2,255.802,0.05,2830.71
2020-05-15,75.087502,76.974998,75.052498,76.927498,75.747513,166348400,77.5660002,73.3536251,69.93174079839957,13.2,255.802,0.05,2830.71
2020-05-18,78.292503,79.125,77.580002,78.739998,77.532204,135178400,77.5634994,73.8290001,78.32450026337574,13.2,255.802,0.05,2830.71
2020-05-19,78.7575,79.629997,78.252502,78.285004,77.08419,101729600,77.65,74.38862535,72.33258299616205,13.2,255.802,0.05,2830.71
2020-05-20,79.169998,79.879997,79.129997,79.807503,78.583328,111504800,78.229001,74.9277504,72.34231593744506,13.2,255.802,0.05,2830.71
2020-05-21,79.665001,80.222504,78.967499,79.212502,77.997437,102688800,78.59450100000001,75.4505005,75.45819994507335,13.2,255.802,0.05,2830.71
2020-05-22,78.942497,79.807503,78.837502,79.722504,78.499619,81803200,79.1535022,75.8995007,74.50008984949085,13.2,255.802,0.05,2830.71
2020-05-26,80.875,81.059998,79.125,79.182503,77.967918,125522000,79.2420032,76.3190007,69.06703570285029,13.2,255.802,0.05,2830.71
2020-05-27,79.035004,79.677498,78.272499,79.527496,78.307617,112945200,79.4905016,76.81312564999999,67.990917746171,13.2,255.802,0.05,2830.71
2020-05-28,79.192497,80.860001,78.907501,79.5625,78.342094,133560800,79.441501,77.1946255,65.90659424986254,13.2,255.802,0.05,2830.71
2020-05-29,79.8125,80.287498,79.1175,79.485001,78.265778,153532400,79.4960008,77.4963757,59.878567237905024,13.2,255.802,0.05,2830.71
2020-06-01,79.4375,80.587502,79.302498,80.462502,79.228279,80791200,79.64400040000001,77.9061257,58.869289085504676,11.0,257.042,0.08,3055.73
2020-06-02,80.1875,80.860001,79.732498,80.834999,79.595062,87642800,79.9744996,78.2833756,66.36486883624272,11.0,257.042,0.08,3055.73
2020-06-03,81.165001,81.550003,80.574997,81.279999,80.033226,104491200,80.3250002,78.6278756,75.34088486694341,11.0,257.042,0.08,3055.73
2020-06-04,81.097504,81.404999,80.195,80.580002,79.343971,87560400,80.5285006,78.89900065,68.06106777711041,11.0,257.042,0.08,3055.73
2020-06-05,80.837502,82.9375,80.807503,82.875,81.603767,137250400,81.20650040000001,79.24600075000001,77.83763067885127,11.0,257.042,0.08,3055.73
2020-06-08,82.5625,83.400002,81.830002,83.364998,82.086243,95654400,81.7869996,79.5376256,74.70623881408338,11.0,257.042,0.08,3055.73
2020-06-09,83.035004,86.402496,83.002502,85.997498,84.678368,147712400,82.8194994,79.8998754,83.42362160227215,11.0,257.042,0.08,3055.73
2020-06-10,86.974998,88.692497,86.522499,88.209999,86.856918,166651600,84.2054994,80.4177503,84.359032907157,11.0,257.042,0.08,3055.73
2020-06-11,87.327499,87.764999,83.870003,83.974998,82.686882,201662400,84.8844986,80.7708753,65.0070849255824,11.0,257.042,0.08,3055.73
2020-06-12,86.18,86.949997,83.555,84.699997,83.400764,200146000,85.24949799999999,81.13662504999999,65.47488389390469,11.0,257.042,0.08,3055.73
2020-06-15,83.3125,86.419998,83.144997,85.747498,84.432205,138808800,85.72599799999999,81.57762505,69.78601372188972,11.0,257.042,0.08,3055.73
2020-06-16,87.864998,88.300003,86.18,88.019997,86.66983,165428800,86.13049779999999,82.041625,72.93102009748077,11.0,257.042,0.08,3055.73
2020-06-17,88.787498,88.849998,87.772499,87.897499,86.54921,114406400,86.06799779999999,82.52224975,72.39990305826029,11.0,257.042,0.08,3055.73
2020-06-18,87.852501,88.362503,87.305,87.932503,86.583702,96820400,86.85949880000001,82.92849975,72.75422149631399,11.0,257.042,0.08,3055.73
2020-06-19,88.660004,89.139999,86.287498,87.43,86.088905,264476000,87.40549940000001,83.33937465,69.26053777703669,11.0,257.042,0.08,3055.73
2020-06-22,87.834999,89.864998,87.787498,89.717499,88.341301,135445200,88.1994996,83.83912439999999,72.20347678574946,11.0,257.042,0.08,3055.73
2020-06-23,91.0,93.095001,90.567497,91.6325,90.226936,212155600,88.9220002,84.46162425,74.1064186334343,11.0,257.042,0.08,3055.73
2020-06-24,91.25,92.197502,89.629997,90.014999,88.634254,192623200,89.34550019999999,84.9859994,71.06966443908028,11.0,257.042,0.08,3055.73
2020-06-25,90.175003,91.25,89.392502,91.209999,89.810913,137522400,90.0009994,85.56837435,69.57491085605666,11.0,257.042,0.08,3055.73
2020-06-26,91.102501,91.330002,88.254997,88.407501,87.051414,205256800,90.19649960000001,86.01449935,60.68213522251134,11.0,257.042,0.08,3055.73
2020-06-29,88.3125,90.542503,87.82,90.445,89.057655,130646000,90.3419998,86.51362424999999,59.66532918998951,11.0,257.042,0.08,3055.73
2020-06-30,90.019997,91.495003,90.0,91.199997,89.801071,140223200,90.2554992,87.03187415,56.93735034802785,11.0,257.042,0.08,3055.73
2020-07-01,91.279999,91.839996,90.977501,91.027496,89.631218,110737200,90.4579986,87.519249,70.16439742673342,10.2,258.352,0.09,3115.86
2020-07-02,91.962502,92.6175,90.910004,91.027496,89.631218,114041600,90.421498,88.04162369999999,68.87397053697421,10.2,258.352,0.09,3115.86
2020-07-06,92.5,93.945,92.467499,93.462502,92.02887,118655600,91.4324982,88.5709988,71.25344751952153,10.2,258.352,0.09,3115.86
2020-07-07,93.852501,94.654999,93.057503,93.172501,91.743317,112424400,91.9779984,89.06137394999999,65.93475011733412,10.2,258.352,0.09,3115.86
2020-07-08,94.18,95.375,94.089996,95.342499,93.880035,117092000,92.8064988,89.52862400000001,70.4364444967579,10.2,258.352,0.09,3115.86
2020-07-09,96.262497,96.317497,94.672501,95.752502,94.283737,125642800,93.75150000000001,89.90574914999999,71.03280273105874,10.2,258.352,0.09,3115.86
2020-07-10,95.334999,95.980003,94.705002,95.919998,94.448669,90257200,94.7300004,90.50299915,73.25389756231172,10.2,258.352,0.09,3115.86
2020-07-13,97.264999,99.955002,95.2575,95.477501,94.012947,191649200,95.1330002,91.04187435,67.55028245585407,10.2,258.352,0.09,3115.86
2020-07-14,94.839996,97.254997,93.877502,97.057503,95.568718,170989200,95.9100006,91.6073746,66.8740383747458,10.2,258.352,0.09,3115.86
2020-07-15,98.989998,99.247498,96.489998,97.724998,96.225983,153198000,96.3865004,92.09262464999999,75.48761179591949,10.2,258.352,0.09,3115.86
2020-07-16,96.5625,97.404999,95.904999,96.522499,95.041931,110577600,96.54049979999999,92.52387465,67.55328864538635,10.2,258.352,0.09,3115.86
2020-07-17,96.987503,97.147499,95.839996,96.327499,94.849922,92186800,96.622,92.94362444999999,81.61677362879377,10.2,258.352,0.09,3115.86
2020-07-20,96.417503,98.5,96.0625,98.357498,96.848778,90318000,97.1979994,93.48999934999999,81.60575910801317,10.2,258.352,0.09,3115.86
2020-07-21,99.172501,99.25,96.7425,97.0,95.512093,103433200,97.18649880000001,93.8541244,72.1036783931701,10.2,258.352,0.09,3115.86
2020-07-22,96.692497,97.974998,96.602501,97.272499,95.780418,89001600,97.09599899999999,94.13612435,73.61953973803159,10.2,258.352,0.09,3115.86
2020-07-23,96.997498,97.077499,92.010002,92.845001,91.420845,197004400,96.36049940000001,94.27762444999999,55.14947138944565,10.2,258.352,0.09,3115.86
2020-07-24,90.987503,92.970001,89.144997,92.614998,91.194366,185438800,95.6179992,94.3478744,47.25593440642467,10.2,258.352,0.09,3115.86
2020-07-27,93.709999,94.904999,93.480003,94.809998,93.355682,121214000,94.9084992,94.66799925000001,54.719695135093616,10.2,258.352,0.09,3115.86
2020-07-28,94.3675,94.550003,93.247498,93.252502,91.82209,103625600,94.15899959999999,94.80837435,43.75560539791341,10.2,258.352,0.09,3115.86
2020-07-29,93.75,95.230003,93.712502,95.040001,93.582184,90329200,93.7125,95.00037454999999,48.033121470217125,10.2,258.352,0.09,3115.86
2020-07-30,94.1875,96.297501,93.767502,96.190002,94.714523,158130000,94.38150019999999,95.25849984999999,50.707002351297874,10.2,258.352,0.09,3115.86
2020-07-31,102.885002,106.415001,100.824997,106.260002,104.630058,374336800,97.110501,96.02012515,68.77013687776156,10.2,258.352,0.09,3115.86
2020-09-01,132.759995,134.800003,130.529999,134.179993,132.360001,151948100,127.911998,118.94362450000001,88.53293846853182,7.8,259.997,0.09,3526.65
2020-09-02,137.589996,137.979996,127.0,131.399994,129.617706,200119000,128.887497,120.0104992,79.00884361312384,7.8,259.997,0.09,3526.65
2020-09-03,126.910004,128.839996,120.5,120.879997,119.240417,257599600,128.06149599999998,120.35937425,57.72289112755399,7.8,259.997,0.09,3526.65
2020-09-04,120.07,123.699997,110.889999,120.959999,119.319313,332607200,127.2919952,120.85174905000001,58.261269455660376,7.8,259.997,0.09,3526.65
2020-09-08,113.949997,118.989998,112.68,112.82,111.289726,231366600,124.04799659999999,120.856374,46.99501346453109,7.8,259.997,0.09,3526.65
2020-09-09,117.260002,119.139999,115.260002,117.32,115.728706,176940500,120.675998,121.25362400000002,51.61290664601723,7.8,259.997,0.09,3526.65
2020-09-10,120.360001,120.5,112.5,113.489998,111.950645,182274400,117.09399880000001,121.27762380000001,45.33170195721427,7.8,259.997,0.09,3526.65
2020-09-11,114.57,115.230003,110.0,112.0,110.480858,180860300,115.3179994,121.12712370000001,36.740263652374516,7.8,259.997,0.09,3526.65
2020-09-14,114.720001,115.93,112.800003,115.360001,113.795273,140150100,114.1979998,121.1497487,39.181738740920345,7.8,259.997,0.09,3526.65
2020-09-15,118.330002,118.830002,113.610001,115.540001,113.972847,184642000,114.742,121.19637384999999,40.260150291452945,7.8,259.997,0.09,3526.65
2020-09-16,115.230003,116.0,112.040001,112.129997,110.609077,154679000,113.7039994,121.0247487,35.42604880993541,7.8,259.997,0.09,3526.65
2020-09-17,109.720001,112.199997,108.709999,110.339996,108.843369,178011000,113.073999,120.75637365,35.22806528697053,7.8,259.997,0.09,3526.65
2020-09-18,110.400002,110.879997,106.089996,106.839996,105.390839,287104900,112.0419982,120.18462335,33.034314361743085,7.8,259.997,0.09,3526.65
2020-09-21,104.540001,110.190002,103.099998,110.080002,108.586899,195713800,110.9859984,119.4701233,31.7552081255413,7.8,259.997,0.09,3526.65
2020-09-22,112.68,112.860001,109.160004,111.809998,110.293434,183055400,110.2399978,118.76774830000002,26.961902475602216,7.8,259.997,0.09,3526.65
2020-09-23,111.620003,112.110001,106.769997,107.120003,105.667046,150718700,109.23799899999999,117.8824986,25.941349069731487,7.8,259.997,0.09,3526.65
2020-09-24,105.169998,110.25,105.0,108.220001,106.752121,167743300,108.814,116.96737369999998,34.57602901676272,7.8,259.997,0.09,3526.65
2020-09-25,108.43,112.440002,107.669998,112.279999,110.757057,149981400,109.9020006,116.33087355,40.3598396428183,7.8,259.997,0.09,3526.65
2020-09-28,115.010002,115.32,112.779999,114.959999,113.400703,137672400,110.878,115.83849834999998,52.70475107949321,7.8,259.997,0.09,3526.65
2020-09-29,114.550003,115.309998,113.57,114.089996,112.542511,99382200,111.3339996,115.0909985,45.50514358446182,7.8,259.997,0.09,3526.65
2020-09-30,113.790001,117.260002,113.620003,115.809998,114.239174,142675200,113.0719986,114.17249875,53.42992291957877,7.8,259.997,0.09,3526.65
2020-10-01,117.639999,117.720001,115.830002,116.790001,115.205894,116120400,114.7859986,113.4419991,57.19003301320231,6.9,260.319,0.09,3380.8
2020-10-02,112.889999,115.370003,112.220001,113.019997,111.487015,144712000,114.93399819999999,113.04899909999999,46.530244208112634,6.9,260.319,0.09,3380.8
2020-10-05,113.910004,116.650002,113.550003,116.5,114.91983,106243800,115.24199840000001,112.82599914999999,51.296594628424366,6.9,260.319,0.09,3380.8
2020-10-06,115.699997,116.120003,112.25,113.160004,111.625122,161498200,115.056,112.84299934999999,51.39378465578015,6.9,260.319,0.09,3380.8
2020-10-07,114.620003,115.550003,114.129997,115.080002,113.519089,96849000,114.9100008,112.73099944999998,56.39159350638654,6.9,260.319,0.09,3380.8
2020-10-08,116.25,116.400002,114.589996,114.970001,113.410568,83477200,114.5460008,112.8049996,62.06590127047481,6.9,260.319,0.09,3380.8
2020-10-09,115.279999,117.0,114.919998,116.970001,115.383446,100506900,115.3360016,113.05349965,60.61633226036971,6.9,260.319,0.09,3380.8
2020-10-12,120.059998,125.18,119.279999,124.400002,122.712669,240226800,116.916002,113.5054997,66.50065968541759,6.9,260.319,0.09,3380.8
2020-10-13,125.269997,125.389999,119.650002,121.099998,119.45742,262330500,118.5040008,113.78349955000002,69.0152214589925,6.9,260.319,0.09,3380.8
2020-10-14,121.0,123.029999,119.620003,121.190002,119.546196,150712000,119.7260008,114.2364998,68.13985291251751,6.9,260.319,0.09,3380.8
2020-10-15,118.720001,121.199997,118.150002,120.709999,119.072701,112559200,120.8740004,114.75499995,63.10226023469923,6.9,260.319,0.09,3380.8
2020-10-16,121.279999,121.550003,118.809998,119.019997,117.405632,115393800,121.28399960000002,115.364,56.51057548897334,6.9,260.319,0.09,3380.8
2020-10-19,119.959999,120.419998,115.660004,115.980003,114.406868,120639300,119.5999998,115.65900005,52.83359242866907,6.9,260.319,0.09,3380.8
2020-10-20,116.199997,118.980003,115.629997,117.510002,115.916122,124423700,118.8820006,115.94400025,52.56333441616367,6.9,260.319,0.09,3380.8
2020-10-21,116.669998,118.709999,116.449997,116.870003,115.284798,89946000,118.01800079999998,116.43150025,50.12187992154053,6.9,260.319,0.09,3380.8
2020-10-22,117.449997,118.040001,114.589996,115.75,114.179985,101988000,117.026001,116.80800020000001,54.52436587104537,6.9,260.319,0.09,3380.8
2020-10-23,116.389999,116.550003,114.279999,115.040001,113.479614,82572600,116.2300018,116.9460003,47.33576853987936,6.9,260.319,0.09,3380.8
2020-10-26,114.010002,116.550003,112.879997,115.050003,113.489487,111850700,116.0440018,116.9505005,53.92604547842088,6.9,260.319,0.09,3380.8
2020-10-27,115.489998,117.279999,114.540001,116.599998,115.018463,92276800,115.862001,117.0760006,53.2067418042004,6.9,260.319,0.09,3380.8
2020-10-28,115.050003,115.43,111.099998,111.199997,109.691696,143937800,114.72799979999999,116.84550055,43.49775229435966,6.9,260.319,0.09,3380.8
2020-10-29,112.370003,116.93,112.199997,115.32,113.755814,146129200,114.64199980000001,116.77200049999999,47.34811873567764,6.9,260.319,0.09,3380.8
2020-10-30,111.059998,111.989998,107.720001,108.860001,107.383453,190272600,113.40599979999999,116.5640007,24.220309570598317,6.9,260.319,0.09,3380.8
2020-12-01,121.010002,123.470001,120.010002,122.720001,121.264313,127728200,117.91199939999998,117.52349955,65.74894419078143,6.7,262.045,0.09,3662.45
2020-12-02,122.019997,123.370003,120.889999,123.080002,121.620033,89004200,119.4940002,118.15549954999999,59.82485397382331,6.7,262.045,0.09,3662.45
2020-12-03,123.519997,123.779999,122.209999,122.940002,121.481689,78967600,120.8760008,118.55499979999999,60.28681832715733,6.7,262.045,0.09,3662.45
2020-12-04,122.599998,122.860001,121.519997,122.25,120.799866,78260400,122.00800160000001,118.71599985,57.96482708695126,6.7,262.045,0.09,3662.45
2020-12-07,122.309998,124.57,122.25,123.75,122.282089,86712000,122.948001,118.96899975000001,58.97034588279746,6.7,262.045,0.09,3662.45
2020-12-08,124.370003,124.980003,123.089996,124.379997,122.904602,82225500,123.28000019999999,119.37199960000001,63.166218856734815,6.7,262.045,0.09,3662.45
2020-12-09,124.529999,125.949997,121.0,121.779999,120.335449,115089200,123.0199996,119.6624995,59.286774711562686,6.7,262.045,0.09,3662.45
2020-12-10,120.5,123.870003,120.150002,123.239998,121.77813,81312200,123.0799988,119.8499995,60.93155603937471,6.7,262.045,0.09,3662.45
2020-12-11,122.43,122.760002,120.550003,122.410004,120.95797,86939800,123.11199960000002,120.00999974999999,62.32379672291561,6.7,262.045,0.09,3662.45
2020-12-14,122.599998,123.349998,121.540001,121.779999,120.335449,79184500,122.71799940000001,120.13599960000002,72.38848517156893,6.7,262.045,0.09,3662.45
2020-12-15,124.339996,127.900002,124.129997,127.879997,126.363091,157243700,123.41799940000001,120.5149993,78.25700465856,6.7,262.045,0.09,3662.45
2020-12-16,127.410004,128.369995,126.559998,127.809998,126.293922,98208600,124.6239992,120.93599924999998,77.14286109282513,6.7,262.045,0.09,3662.45
2020-12-17,128.899994,129.580002,128.039993,128.699997,127.17334,94359800,125.71599899999998,121.46949915,77.48525340244032,6.7,262.045,0.09,3662.45
2020-12-18,128.960007,129.100006,126.120003,126.660004,125.157562,192541500,126.565999,121.8704994,67.60760524429844,6.7,262.045,0.09,3662.45
2020-12-21,125.019997,128.309998,123.449997,128.229996,126.708923,121251600,127.8559984,122.41499939999999,64.12096744142755,6.7,262.045,0.09,3662.45
2020-12-22,131.610001,134.410004,129.649994,131.880005,130.315643,168904800,128.656,123.31649975,69.29826488920939,6.7,262.045,0.09,3662.45
2020-12-23,132.160004,132.429993,130.779999,130.960007,129.406555,88223700,129.2860018,124.1060002,67.00596009759627,6.7,262.045,0.09,3662.45
2020-12-24,131.320007,133.460007,131.100006,131.970001,130.404556,54930100,129.9400026,124.9030003,70.33475139618342,6.7,262.045,0.09,3662.45
2020-12-28,133.990005,137.339996,133.509995,136.690002,135.068573,124486200,131.9460022,125.9080006,73.85695695305921,6.7,262.045,0.09,3662.45
2020-12-29,138.050003,138.789993,134.339996,134.869995,133.270157,121047300,133.274002,126.6990002,68.52702788337652,6.7,262.045,0.09,3662.45
2020-12-30,135.580002,135.990005,133.399994,133.720001,132.133835,96452100,133.6420012,127.2490002,72.22637751581513,6.7,262.045,0.09,3662.45
2020-12-31,134.080002,134.740005,131.720001,132.690002,131.116058,99116600,133.9880002,127.7295002,67.87743177426299,6.7,262.045,0.09,3662.45
2021-02-01,133.75,135.380005,130.929993,134.139999,132.548843,106239800,137.68200080000003,133.0920002,57.284028058398555,6.2,263.573,0.08,3773.86
2021-02-02,135.729996,136.309998,134.610001,134.990005,133.388763,83305400,136.04800099999997,133.37100025,58.575786486648546,6.2,263.573,0.08,3773.86
2021-02-03,135.759995,135.770004,133.610001,133.940002,132.351181,89880900,134.42400179999998,133.5175006,54.350931153985925,6.2,263.573,0.08,3773.86
2021-02-04,136.300003,137.399994,134.589996,137.389999,135.760284,84183100,134.48400239999998,134.05700065000002,61.61006823520425,6.2,263.573,0.08,3773.86
2021-02-05,137.350006,137.419998,135.860001,136.759995,135.339706,75693800,135.444,134.3490005,63.59524436458516,6.2,263.573,0.08,3773.86
2021-02-08,136.029999,136.960007,134.919998,136.910004,135.488144,71297200,135.998001,134.59200055,63.03099798191792,6.2,263.573,0.08,3773.86
2021-02-09,136.619995,137.880005,135.850006,136.009995,134.597504,76774200,136.201999,134.9435005,56.309437577437336,6.2,263.573,0.08,3773.86
2021-02-10,136.479996,136.990005,134.399994,135.389999,133.983932,73046600,136.4919984,135.2730003,47.29137114164842,6.2,263.573,0.08,3773.86
2021-02-11,135.899994,136.389999,133.770004,135.130005,133.726639,64280000,136.03999960000002,135.4850006,42.237979946732864,6.2,263.573,0.08,3773.86
2021-02-12,134.350006,135.529999,133.690002,135.369995,133.964142,60145100,135.7619996,135.80800015,32.65961883422793,6.2,263.573,0.08,3773.86
2021-02-16,135.490005,136.009995,132.789993,133.190002,131.806778,80576300,135.01799920000002,136.11050029999998,28.975102899663753,6.2,263.573,0.08,3773.86
2021-02-17,131.25,132.220001,129.470001,130.839996,129.481186,97918500,133.9839994,136.26100000000002,27.524025450330655,6.2,263.573,0.08,3773.86
2021-02-18,129.199997,130.0,127.410004,129.710007,128.362915,96856700,132.848001,136.1450004,32.52841610575608,6.2,263.573,0.08,3773.86
2021-02-19,130.240005,130.710007,128.800003,129.869995,128.521255,87668800,131.795999,135.7950004,43.52936499719872,6.2,263.573,0.08,3773.86
2021-02-22,128.009995,129.720001,125.599998,126.0,124.691444,103916400,129.922,135.14150005,27.186074602442005,6.2,263.573,0.08,3773.86
2021-02-23,123.760002,126.709999,118.389999,125.860001,124.552902,158273000,128.4559998,134.2885002,23.35079123305033,6.2,263.573,0.08,3773.86
2021-02-24,124.940002,125.559998,122.230003,125.349998,124.048203,111039900,127.35800019999999,133.3979999,24.11085443664389,6.2,263.573,0.08,3773.86
2021-02-25,124.68,126.459999,120.540001,120.989998,119.733475,148199500,125.61399839999999,132.34449990000002,3.142787346838844,6.2,263.573,0.08,3773.86
2021-02-26,122.589996,124.849998,121.199997,121.260002,120.000679,164560400,123.89199980000001,131.55300019999999,4.784085157650239,6.2,263.573,0.08,3773.86
2021-03-01,123.75,127.93,122.790001,127.790001,126.46286,116307900,124.25,131.3444999,30.61220966952969,6.1,264.847,0.07,3901.82
2021-03-02,128.410004,128.720001,125.010002,125.120003,123.820595,102260900,124.1020004,130.89350009999998,28.469727544779204,6.1,264.847,0.07,3901.82
2021-03-03,124.809998,125.709999,121.839996,122.059998,120.792358,112966300,123.44400040000001,130.24699975000001,25.964625340466526,6.1,264.847,0.07,3901.82
2021-03-04,121.75,123.599998,118.620003,120.129997,118.882401,178155000,123.27200020000001,129.5564995,24.489756282064192,6.1,264.847,0.07,3901.82
2021-03-05,120.980003,121.940002,117.57,121.419998,120.158997,153766600,123.3039994,128.75799945,27.093586692221606,6.1,264.847,0.07,3901.82
2021-03-08,120.93,121.0,116.209999,116.360001,115.151558,154376600,121.01799940000001,127.73799975,24.752462384846567,6.1,264.847,0.07,3901.82
2021-03-09,119.029999,122.059998,118.790001,121.089996,119.832436,129525800,120.211998,126.94699935000001,36.3483518638238,6.1,264.847,0.07,3901.82
2021-03-10,121.690002,122.169998,119.449997,119.980003,118.733963,111943300,119.79599900000001,126.14549975,36.368716730506264,6.1,264.847,0.07,3901.82
2021-03-11,122.540001,123.209999,121.260002,121.959999,120.693405,103026500,120.16199939999998,125.47399974999999,39.456146424581455,6.1,264.847,0.07,3901.82
2021-03-12,120.400002,121.169998,119.160004,121.029999,119.773056,88105100,120.08399960000001,124.76899945,42.811683115566915,6.1,264.847,0.07,3901.82
2021-03-15,121.410004,124.0,120.419998,123.989998,122.702316,92403800,121.60999899999999,124.19999959999998,47.499326758329524,6.1,264.847,0.07,3901.82
2021-03-16,125.699997,127.220001,124.720001,125.57,124.265907,115227900,122.5059998,123.81899949999999,50.286014114928264,6.1,264.847,0.07,3901.82
2021-03-17,124.050003,125.860001,122.339996,124.760002,123.464325,111932600,123.46199959999998,123.51499979999998,55.39960655386074,6.1,264.847,0.07,3901.82
2021-03-18,122.879997,123.18,120.32,120.529999,119.278244,121229700,123.1759996,123.05599939999999,49.06096829926906,6.1,264.847,0.07,3901.82
2021-03-19,119.900002,121.43,119.68,119.989998,118.743851,185549500,122.96799940000001,122.56199955,38.138677601139094,6.1,264.847,0.07,3901.82
2021-03-22,120.330002,123.870003,120.260002,123.389999,122.108551,111912300,122.84799960000001,122.4314995,47.42635463882289,6.1,264.847,0.07,3901.82
2021-03-23,123.330002,124.239998,122.139999,122.540001,121.26738,95467100,122.2419998,122.2654995,50.764336352389996,6.1,264.847,0.07,3901.82
2021-03-24,122.82,122.900002,120.07,120.089996,118.842819,88530500,121.30799859999999,122.00249939999999,49.9373417703872,6.1,264.847,0.07,3901.82
2021-03-25,119.540001,121.660004,119.0,120.589996,119.337624,98844700,121.31999800000001,121.9824993,48.66687709612994,6.1,264.847,0.07,3901.82
2021-03-26,120.349998,121.480003,118.919998,121.209999,119.951195,94071200,121.56399820000001,121.97999915,59.085798220861356,6.1,264.847,0.07,3901.82
2021-03-29,121.650002,122.580002,120.730003,121.389999,120.129326,80819200,121.16399820000001,121.65999905000001,50.67751358073684,6.1,264.847,0.07,3901.82
2021-03-30,120.110001,120.400002,118.860001,119.900002,118.6548,85671900,120.63599839999999,121.398999,49.82237790998519,6.1,264.847,0.07,3901.82
2021-03-31,121.650002,123.519997,121.150002,122.150002,120.881432,118323800,121.0479996,121.40349919999998,50.41685594918862,6.1,264.847,0.07,3901.82
2021-04-01,123.660004,124.18,122.489998,123.0,121.722603,75089100,121.53000039999999,121.54699935,54.337297591964415,6.1,266.625,0.07,4019.87
2021-04-05,123.870003,126.160004,123.07,125.900002,124.592484,88651200,122.468001,121.77099955000001,54.21634288164489,6.1,266.625,0.07,4019.87
2021-04-06,126.5,127.129997,125.650002,126.209999,124.899261,80171300,123.43200099999999,122.26349945,51.49672336341582,6.1,266.625,0.07,4019.87
2021-04-07,125.830002,127.919998,125.139999,127.900002,126.571709,83466700,125.032001,122.60399975,57.053007348425034,6.1,266.625,0.07,4019.87
2021-04-08,128.949997,130.389999,128.520004,130.360001,129.006149,88844600,126.6740008,123.12299965,73.987311081052,6.1,266.625,0.07,4019.87
2021-04-09,129.800003,133.039993,129.470001,133.0,131.618729,106686700,128.6740008,123.67499970000001,78.79592927880218,6.1,266.625,0.07,4019.87
2021-04-12,132.520004,132.850006,130.630005,131.240005,129.877029,91420000,129.7420014,124.1855,68.73510142913628,6.1,266.625,0.07,4019.87
2021-04-13,132.440002,134.660004,131.929993,134.429993,133.033875,91266500,131.38600019999998,124.70749975000001,75.52597498341129,6.1,266.625,0.07,4019.87
2021-04-14,134.940002,135.0,131.660004,132.029999,130.658829,87222800,132.2119996,125.0304997,75.68850224666765,6.1,266.625,0.07,4019.87
2021-04-15,133.820007,135.0,133.639999,134.5,133.103165,89347100,133.0399994,125.5174996,77.58829282503086,6.1,266.625,0.07,4019.87
2021-04-16,134.300003,134.669998,133.279999,134.160004,132.766693,84922400,133.2720002,126.19899985000002,75.97276595089224,6.1,266.625,0.07,4019.87
2021-04-19,133.509995,135.470001,133.339996,134.839996,133.439636,94264200,133.9919984,126.94149975,76.44517818961656,6.1,266.625,0.07,4019.87
2021-04-20,135.020004,135.529999,131.809998,133.110001,131.7276,94812300,133.728,127.42749985,75.73046376895263,6.1,266.625,0.07,4019.87
2021-04-21,132.360001,133.75,131.300003,133.5,132.113541,68847100,134.0220002,127.9754998,73.8345611529428,6.1,266.625,0.07,4019.87
2021-04-22,133.039993,134.149994,131.410004,131.940002,130.569748,84566500,133.51000059999998,128.5680001,68.23005161754351,6.1,266.625,0.07,4019.87
2021-04-23,132.160004,135.119995,132.160004,134.320007,132.925034,78657500,133.54200120000002,129.25450065,67.54170558860488,6.1,266.625,0.07,4019.87
2021-04-26,134.830002,135.059998,133.559998,134.720001,133.320892,66905100,133.5180022,129.93000075,67.662965622439,6.1,266.625,0.07,4019.87
2021-04-27,135.009995,135.410004,134.110001,134.389999,132.994293,66015800,133.7740018,130.58000075,64.2763072539028,6.1,266.625,0.07,4019.87
2021-04-28,134.309998,135.020004,133.080002,133.580002,132.192749,107760100,133.79000219999998,131.26400075,57.63758983356462,6.1,266.625,0.07,4019.87
2021-04-29,136.470001,137.070007,132.449997,133.479996,132.09375,151101000,134.098001,131.83050045,51.29449024760676,6.1,266.625,0.07,4019.87
2021-04-30,131.779999,133.559998,131.070007,131.460007,130.094742,109839500,133.526001,132.2535008,50.585113071541215,6.1,266.625,0.07,4019.87
2021-06-01,125.080002,125.349998,123.940002,124.279999,123.198212,67637100,125.58399979999999,126.37100025000002,45.835448178239,5.9,270.71,0.08,4202.04
2021-06-02,124.279999,125.239998,124.050003,125.059998,123.971428,59278900,125.21599900000001,126.23150025,56.653117361810594,5.9,270.71,0.08,4202.04
2021-06-03,124.68,124.849998,123.129997,123.540001,122.464653,76229200,124.5539996,126.00349999999999,45.674525398642395,5.9,270.71,0.08,4202.04
2021-06-04,124.07,126.160004,123.849998,125.889999,124.794197,75169300,124.6759996,125.8109997,45.24390273646675,5.9,270.71,0.08,4202.04
2021-06-07,126.169998,126.32,124.830002,125.900002,124.804115,71057600,124.9339998,125.59549945,48.785307245582594,5.9,270.71,0.08,4202.04
2021-06-08,126.599998,128.460007,126.209999,126.739998,125.636803,74403800,125.4259996,125.58999945000001,56.450520751564206,5.9,270.71,0.08,4202.04
2021-06-09,127.209999,127.75,126.519997,127.129997,126.023392,56877900,125.83999940000001,125.6509991,58.19891729715016,5.9,270.71,0.08,4202.04
2021-06-10,127.019997,128.190002,125.940002,126.110001,125.012291,71186400,126.35399939999999,125.8179993,45.48193322235428,5.9,270.71,0.08,4202.04
2021-06-11,126.529999,127.440002,126.099998,127.349998,126.241486,53522400,126.6459992,125.93699914999999,57.594939613046904,5.9,270.71,0.08,4202.04
2021-06-14,127.82,130.539993,127.07,130.479996,129.344254,96906500,127.56199799999999,126.08849909999999,61.98582381168999,5.9,270.71,0.08,4202.04
2021-06-15,129.940002,130.600006,129.389999,129.639999,128.511551,62746300,128.1419982,126.2569992,59.29443744948684,5.9,270.71,0.08,4202.04
2021-06-16,130.369995,130.889999,128.460007,130.149994,129.017105,91815000,128.74599759999998,126.52199900000001,60.85526856822253,5.9,270.71,0.08,4202.04
2021-06-17,129.800003,132.550003,129.649994,131.789993,130.642822,96721700,129.881996,126.87699855000001,71.31632313191888,5.9,270.71,0.08,4202.04
2021-06-18,130.710007,131.509995,130.240005,130.460007,129.324417,108953300,130.5039978,127.03449900000001,68.36164455382875,5.9,270.71,0.08,4202.04
2021-06-21,130.300003,132.410004,129.210007,132.300003,131.148407,79663300,130.86799919999999,127.37799915000001,72.99318874428346,5.9,270.71,0.08,4202.04
2021-06-22,132.130005,134.080002,131.619995,133.979996,132.813766,74783600,131.7359986,127.72199905,74.31849050842554,5.9,270.71,0.08,4202.04
2021-06-23,133.770004,134.320007,133.229996,133.699997,132.536224,60214200,132.44599920000002,128.06199880000003,79.70767403323691,5.9,270.71,0.08,4202.04
2021-06-24,134.449997,134.639999,132.929993,133.410004,132.248734,68711000,132.7700014,128.3899991,75.00010472111352,5.9,270.71,0.08,4202.04
2021-06-25,133.460007,133.889999,132.809998,133.110001,131.951355,70783700,133.3000002,128.7814992,73.51605977502722,5.9,270.71,0.08,4202.04
2021-06-28,133.410004,135.25,133.350006,134.779999,133.606827,62111300,133.7959994,129.2899991,74.87631922600738,5.9,270.71,0.08,4202.04
2021-06-29,134.800003,136.490005,134.350006,136.330002,135.143311,64556100,134.2660006,129.89249925,76.558977960275,5.9,270.71,0.08,4202.04
2021-06-30,136.169998,137.410004,135.869995,136.960007,135.767853,63261400,134.9180026,130.4874997,82.04379903510703,5.9,270.71,0.08,4202.04
2021-07-01,136.600006,137.330002,135.759995,137.270004,136.075134,52485800,135.6900026,131.17399985000003,81.00009237521931,5.4,271.965,0.1,4319.94
2021-07-02,137.899994,140.0,137.75,139.960007,138.741745,78852600,137.0600038,131.87750024999997,80.46282488902442,5.4,271.965,0.1,4319.94
2021-07-06,140.070007,143.149994,140.070007,142.020004,140.783783,108181800,138.5080048,132.68350034999997,86.88924120053392,5.4,271.965,0.1,4319.94
2021-07-07,143.539993,144.889999,142.660004,144.570007,143.31163,104911600,140.1560058,133.5750008,88.31039361104357,5.4,271.965,0.1,4319.94
2021-07-08,141.580002,144.059998,140.669998,143.240005,141.99321,105575500,141.4120054,134.3805012,80.92929662044972,5.4,271.965,0.1,4319.94
2021-07-09,142.75,145.649994,142.649994,145.110001,143.846909,99890800,142.98000480000002,135.33050120000001,88.45145204290945,5.4,271.965,0.1,4319.94
2021-07-12,146.210007,146.320007,144.0,144.5,143.242203,76299700,143.8880034,136.18800130000002,84.23120592696077,5.4,271.965,0.1,4319.94
2021-07-13,144.029999,147.460007,143.630005,145.639999,144.372269,100827100,144.6120024,136.94600145,83.73843655893725,5.4,271.965,0.1,4319.94
2021-07-14,148.100006,149.570007,147.679993,149.149994,147.851715,127050800,145.5279998,137.92150120000002,87.66455574465033,5.4,271.965,0.1,4319.94
2021-07-15,149.240005,150.0,147.089996,148.479996,147.187561,106820300,146.57599799999997,138.8380013,86.06987075155583,5.4,271.965,0.1,4319.94
2021-07-16,148.460007,149.759995,145.880005,146.389999,145.115768,93251400,146.83199759999997,139.5680016,79.2768992796029,5.4,271.965,0.1,4319.94
2021-07-19,143.75,144.070007,141.669998,142.449997,141.210037,121434600,146.42199699999998,140.16750109999998,65.37073870707322,5.4,271.965,0.1,4319.94
2021-07-20,143.460007,147.100006,142.960007,146.149994,144.877838,96350000,146.52399599999998,140.86000065000002,68.11807176917245,5.4,271.965,0.1,4319.94
2021-07-21,145.529999,146.130005,144.630005,145.399994,144.134354,74993500,145.77399599999998,141.43100055,65.50328991707453,5.4,271.965,0.1,4319.94
2021-07-22,145.940002,148.199997,145.809998,146.800003,145.522202,77338200,145.4379974,142.08600084999998,66.83150712933616,5.4,271.965,0.1,4319.94
2021-07-23,147.550003,148.720001,146.919998,148.559998,147.266861,71447400,145.87199719999998,142.84350055,65.70488281022445,5.4,271.965,0.1,4319.94
2021-07-26,148.270004,149.830002,147.699997,148.990005,147.69313,72434100,147.1799988,143.63750075000002,63.53398199868029,5.4,271.965,0.1,4319.94
2021-07-27,149.119995,149.210007,145.550003,146.770004,145.492462,104818600,147.30400079999998,144.23700100000002,54.327295606895966,5.4,271.965,0.1,4319.94
2021-07-28,144.809998,146.970001,142.539993,144.979996,143.718018,118931200,147.2200012,144.66950070000001,53.36165120524514,5.4,271.965,0.1,4319.94
2021-07-29,144.690002,146.550003,144.580002,145.639999,144.372269,56699500,146.9880004,145.1035003,51.07417458897057,5.4,271.965,0.1,4319.94
2021-07-30,144.380005,146.330002,144.110001,145.860001,144.590363,70440600,146.448001,145.53300015,52.800659538361884,5.4,271.965,0.1,4319.94
2021-09-01,152.830002,154.979996,152.339996,152.509995,151.408997,80313700,150.71999820000002,148.62949980000002,59.02292213588464,4.7,273.942,0.08,4524.09
2021-09-02,153.869995,154.720001,152.399994,153.649994,152.540756,71115500,151.94199840000002,148.9589996,60.838471099795704,4.7,273.942,0.08,4524.09
2021-09-03,153.759995,154.630005,153.089996,154.300003,153.186081,57808700,153.0819978,149.3669998,58.1039917920532,4.7,273.942,0.08,4524.09
2021-09-07,154.970001,157.259995,154.389999,156.690002,155.558838,82278300,153.7959992,149.89700009999999,65.41744560345693,4.7,273.942,0.08,4524.09
2021-09-08,156.979996,157.039993,153.979996,155.110001,153.990219,74420200,154.45199900000003,150.37249985,73.23418100122711,4.7,273.942,0.08,4524.09
2021-09-09,155.490005,156.110001,153.949997,154.070007,152.957748,57305700,154.76400139999998,150.78300015,68.86841965397475,4.7,273.942,0.08,4524.09
2021-09-10,155.0,155.479996,148.699997,148.970001,147.894562,140893200,153.82800279999998,150.78700025,51.685390005149095,4.7,273.942,0.08,4524.09
2021-09-13,150.630005,151.419998,148.75,149.550003,148.470367,102404300,152.87800280000002,150.8095001,49.63963082542481,4.7,273.942,0.08,4524.09
2021-09-14,150.350006,151.070007,146.910004,148.119995,147.05069,109296300,151.1640014,150.6595001,46.81393481259649,4.7,273.942,0.08,4524.09
2021-09-15,148.559998,149.440002,146.369995,149.029999,147.954132,83281300,149.94800100000003,150.60149995,51.44458275107849,4.7,273.942,0.08,4524.09
2021-09-16,148.440002,148.970001,147.220001,148.789993,147.715836,68034100,148.89199820000002,150.72299955,52.76426164404307,4.7,273.942,0.08,4524.09
2021-09-17,148.820007,148.820007,145.759995,146.059998,145.005554,129868800,148.3099976,150.6909996,44.76934059055524,4.7,273.942,0.08,4524.09
2021-09-20,143.800003,144.839996,141.270004,142.940002,141.908096,123478900,146.98799739999998,150.4284996,27.75351666225599,4.7,273.942,0.08,4524.09
2021-09-21,143.929993,144.600006,142.779999,143.429993,142.394547,75834000,146.04999700000002,150.1144989,30.978243073608283,4.7,273.942,0.08,4524.09
2021-09-22,144.449997,146.429993,143.699997,145.850006,144.797073,76404300,145.41399840000003,149.92599945,36.02018772190107,4.7,273.942,0.08,4524.09
2021-09-23,146.649994,147.080002,145.639999,146.830002,145.770004,64838200,145.0220002,149.8494995,35.58751852280774,4.7,273.942,0.08,4524.09
2021-09-24,145.660004,147.470001,145.559998,146.919998,145.859344,53477900,145.1940002,149.81849975,34.02596804407895,4.7,273.942,0.08,4524.09
2021-09-27,145.470001,145.960007,143.820007,145.369995,144.320526,74150700,145.6799988,149.6569992,24.57322235824597,4.7,273.942,0.08,4524.09
2021-09-28,143.25,144.75,141.690002,141.910004,140.885513,108972300,145.376001,149.09649965,22.659493676077332,4.7,273.942,0.08,4524.09
2021-09-29,142.470001,144.449997,142.029999,142.830002,141.798889,74602000,144.7720002,148.64649964999998,26.602825436547676,4.7,273.942,0.08,4524.09
2021-09-30,143.660004,144.380005,141.279999,141.5,140.478485,89056700,143.7059998,148.09599989999998,31.55555399725668,4.7,273.942,0.08,4524.09
2021-10-01,141.899994,142.919998,139.110001,142.649994,141.620163,94639600,142.851999,147.54599990000003,33.42936762754917,4.5,276.528,0.08,4357.04
2021-10-04,141.759995,142.210007,138.270004,139.139999,138.135513,98322000,141.6059998,146.7879997,30.393004710047833,4.5,276.528,0.08,4357.04
2021-10-05,139.490005,142.240005,139.360001,141.110001,140.091309,80861100,141.44599920000002,146.00899965000002,33.47244308821992,4.5,276.528,0.08,4357.04
2021-10-06,139.470001,142.149994,138.369995,142.0,140.974869,83221100,141.2799988,145.35349960000002,36.20479276468876,4.5,276.528,0.08,4357.04
2021-10-07,143.059998,144.220001,142.720001,143.289993,142.255554,61732700,141.6379974,144.81449890000002,44.022424026549224,4.5,276.528,0.08,4357.04
2021-10-08,144.029999,144.179993,142.559998,142.899994,141.868362,58773200,141.6879974,144.51099855,49.902132938342575,4.5,276.528,0.08,4357.04
2021-10-11,142.270004,144.809998,141.809998,142.809998,141.779037,64452200,142.4219972,144.17399830000002,48.45310451204613,4.5,276.528,0.08,4357.04
2021-10-12,143.229996,143.25,141.039993,141.509995,140.488403,73035900,142.50199600000002,143.84349830000002,38.53060631659666,4.5,276.528,0.08,4357.04
2021-10-13,141.240005,141.399994,139.199997,140.910004,139.892746,78762700,142.2839968,143.43749855,34.03449262733116,4.5,276.528,0.08,4357.04
2021-10-14,142.110001,143.880005,141.509995,143.759995,142.722137,69907100,142.3779972,143.18599865000002,42.582137607132324,4.5,276.528,0.08,4357.04
2021-10-15,143.770004,144.899994,143.509995,144.839996,143.794342,67940300,142.7659976,143.12499855,48.72779609941555,4.5,276.528,0.08,4357.04
2021-10-18,143.449997,146.839996,143.160004,146.550003,145.49205,85589200,143.5139986,143.30549860000002,62.15934500110088,4.5,276.528,0.08,4357.04
2021-10-19,147.009995,149.169998,146.550003,148.759995,147.686066,76378900,144.9639986,143.5719987,64.55572702260406,4.5,276.528,0.08,4357.04
2021-10-20,148.699997,149.75,148.119995,149.259995,148.182449,58418800,146.6339968,143.74249815000002,69.85672900199448,4.5,276.528,0.08,4357.04
2021-10-21,148.809998,149.639999,147.869995,149.479996,148.400864,61421000,147.777997,143.87499785,68.35038422952854,4.5,276.528,0.08,4357.04
2021-10-22,149.690002,150.179993,148.639999,148.690002,147.616577,58883400,148.5479982,143.96349805,80.05041419526987,4.5,276.528,0.08,4357.04
2021-10-25,148.679993,149.369995,147.619995,148.639999,147.56694,50720600,148.9659974,144.12699824999999,76.95065916390641,4.5,276.528,0.08,4357.04
2021-10-26,149.330002,150.839996,149.009995,149.320007,148.242035,60893400,149.0779998,144.49749839999998,76.59890323960511,4.5,276.528,0.08,4357.04
2021-10-27,149.360001,149.729996,148.490005,148.850006,147.775436,56094900,148.996002,144.79849860000002,71.48384306723017,4.5,276.528,0.08,4357.04
2021-10-28,149.820007,153.169998,149.720001,152.570007,151.468567,100077900,149.6140042,145.35199895,79.7173310934629,4.5,276.528,0.08,4357.04
2021-10-29,147.220001,149.940002,146.410004,149.800003,148.718552,124953200,149.8360044,145.70949939999997,68.44328788020383,4.5,276.528,0.08,4357.04
2021-11-01,148.990005,149.699997,147.800003,148.960007,147.884628,74588300,149.90000600000002,146.2004998,70.14606822394161,4.2,278.824,0.08,4613.67
2021-11-02,148.660004,151.570007,148.649994,150.020004,148.936966,69122000,150.04000539999998,146.64599994999998,74.03694438774548,4.2,278.824,0.08,4613.67
2021-11-03,150.389999,151.970001,149.820007,151.490005,150.396378,54511500,150.5680052,147.12050019999998,71.99774433770818,4.2,278.824,0.08,4613.67
2021-11-04,151.580002,152.429993,150.639999,150.960007,149.870193,60394600,150.24600519999998,147.5040009,67.9788775595397,4.2,278.824,0.08,4613.67
2021-11-05,151.889999,152.199997,150.059998,151.279999,150.407059,65463900,150.5420044,147.92300115,65.13115685053623,4.2,278.824,0.08,4613.67
2021-11-08,151.410004,151.570007,150.160004,150.440002,149.571915,55020900,150.8380034,148.30450134999998,55.89063052134732,4.2,278.824,0.08,4613.67
2021-11-09,150.199997,151.429993,150.059998,150.809998,149.939758,56787900,150.9960022,148.7695015,55.484799032752235,4.2,278.824,0.08,4613.67
2021-11-10,150.020004,150.130005,147.850006,147.919998,147.066452,65187100,150.28200080000002,149.1200012,45.35714549319917,4.2,278.824,0.08,4613.67
2021-11-11,148.960007,149.429993,147.679993,147.869995,147.016754,41000000,149.6639984,149.3255012,47.44705120430596,4.2,278.824,0.08,4613.67
2021-11-12,148.429993,150.399994,147.479996,149.990005,149.124527,63804000,149.4059996,149.58300165,53.72312659169849,4.2,278.824,0.08,4613.67
2021-11-15,150.369995,151.880005,149.429993,150.0,149.13446,59222800,149.31799919999997,149.75550149999998,51.94728909081337,4.2,278.824,0.08,4613.67
2021-11-16,149.940002,151.490005,149.339996,151.0,150.128677,59256200,149.3559996,149.86750175,55.97552861341219,4.2,278.824,0.08,4613.67
2021-11-17,151.0,155.0,150.990005,153.490005,152.604324,88807000,150.47000099999997,150.07900225,52.74462508757457,4.2,278.824,0.08,4613.67
2021-11-18,153.710007,158.669998,153.050003,157.869995,156.95903,137827700,152.470001,150.49850220000002,71.96516272744975,4.2,278.824,0.08,4613.67
2021-11-19,157.649994,161.020004,156.529999,160.550003,159.623581,117305600,154.5820006,151.09150225000002,78.67392525439882,4.2,278.824,0.08,4613.67
2021-11-22,161.679993,165.699997,161.0,161.020004,160.090866,117467900,156.7860014,151.71050250000002,78.03262549085117,4.2,278.824,0.08,4613.67
2021-11-23,161.119995,161.800003,159.059998,161.410004,160.478638,96041900,158.8680022,152.31500235,76.75297107685293,4.2,278.824,0.08,4613.67
2021-11-24,160.75,162.139999,159.639999,161.940002,161.005569,69463600,160.55800159999998,152.96950214999998,79.61164498695919,4.2,278.824,0.08,4613.67
2021-11-26,159.570007,160.449997,156.360001,156.809998,155.905167,76959800,160.3460022,153.18150169999998,61.84153606463586,4.2,278.824,0.08,4613.67
2021-11-29,159.369995,161.190002,158.789993,160.240005,159.315384,88748200,160.2840026,153.7035018,68.88973896971618,4.2,278.824,0.08,4613.67
2021-11-30,159.990005,165.520004,159.919998,165.300003,164.346176,174048100,161.14000240000001,154.5205016,73.65327458660732,4.2,278.824,0.08,4613.67
2021-12-01,167.479996,170.300003,164.529999,164.770004,163.819229,152052500,161.8120024,155.2580016,79.80190178867238,3.9,280.806,0.08,4513.04
2021-12-02,158.740005,164.199997,157.800003,163.759995,162.815063,136739200,162.176001,155.8715011,77.1809561292184,3.9,280.806,0.08,4513.04
2021-12-03,164.020004,164.960007,159.720001,161.839996,160.906128,118023100,163.18200059999998,156.41550055,70.40989613060117,3.9,280.806,0.08,4513.04
2021-12-06,164.289993,167.880005,164.279999,165.320007,164.366058,107497000,164.198001,157.11750095,73.56922050746482,3.9,280.806,0.08,4513.04
2021-12-07,169.080002,171.580002,168.339996,171.179993,170.19223,120405400,165.373999,158.15450049999998,77.00747443490056,3.9,280.806,0.08,4513.04
2021-12-08,172.130005,175.960007,170.699997,175.080002,174.069733,116998900,167.4359986,159.36800069999998,77.84367606319722,3.9,280.806,0.08,4513.04
2021-12-09,174.910004,176.75,173.919998,174.559998,173.552734,108923700,169.5959992,160.7000007,73.90430710850379,3.9,280.806,0.08,4513.04
2021-12-10,175.210007,179.630005,174.690002,179.449997,178.41452,115402700,173.1179994,162.2790008,75.4579495961533,3.9,280.806,0.08,4513.04
2021-12-13,181.119995,182.130005,175.529999,175.740005,174.725937,153237000,175.201999,163.5665008,68.23587156744121,3.9,280.806,0.08,4513.04
2021-12-14,175.25,177.740005,172.210007,174.330002,173.324066,139380400,175.8320008,164.7830009,65.61139726908775,3.9,280.806,0.08,4513.04
2021-12-15,175.110001,179.5,172.309998,179.300003,178.265396,131063300,176.67600099999999,166.19800105,68.94368511965548,3.9,280.806,0.08,4513.04
2021-12-16,179.279999,181.139999,170.75,172.259995,171.265991,150185800,176.21600039999998,167.13650055,66.1847778206695,3.9,280.806,0.08,4513.04
2021-12-17,169.929993,173.470001,169.690002,171.139999,170.152466,195432700,174.55400079999998,167.80000074999998,61.99910902713504,3.9,280.806,0.08,4513.04
2021-12-20,168.279999,170.580002,167.460007,169.75,168.770493,107499100,173.3559998,168.2600006,55.329335809819476,3.9,280.806,0.08,4513.04
2021-12-21,171.559998,173.199997,169.119995,172.990005,171.991791,91185900,173.0880004,168.85850065,59.24426126564358,3.9,280.806,0.08,4513.04
2021-12-22,173.039993,175.860001,172.149994,175.639999,174.626511,92135300,172.3559996,169.5700004,62.88503519934466,3.9,280.806,0.08,4513.04
2021-12-23,175.850006,176.850006,175.270004,176.279999,175.262802,68356600,173.1600004,170.28700025,66.1088807951324,3.9,280.806,0.08,4513.04
2021-12-27,177.089996,180.419998,177.070007,180.330002,179.289444,74919600,174.998001,171.46300045,66.53447381657797,3.9,280.806,0.08,4513.04
2021-12-28,180.160004,181.330002,178.529999,179.289993,178.255432,79144300,176.9059996,172.41549985,59.9950648289025,3.9,280.806,0.08,4513.04
2021-12-29,179.330002,180.630005,178.139999,179.380005,178.344925,62348900,178.18399960000002,173.11949995,55.848748742689935,3.9,280.806,0.08,4513.04
2021-12-30,179.470001,180.570007,178.089996,178.199997,177.171722,59773000,178.69599920000002,173.7909996,54.86370414090271,3.9,280.806,0.08,4513.04
2021-12-31,178.089996,179.229996,177.259995,177.570007,176.54538,64062300,178.9540008,174.4815002,47.165276136745405,3.9,280.806,0.08,4513.04
2022-02-01,174.009995,174.839996,172.309998,174.610001,173.602448,86213900,167.726001,169.4915001,49.31386717331775,3.8,284.525,0.08,4546.54
2022-02-02,174.75,175.880005,173.330002,175.839996,174.825348,84914300,170.95599980000003,169.29850004999997,50.44247360669353,3.8,284.525,0.08,4546.54
2022-02-03,174.479996,176.240005,172.119995,172.899994,171.902313,89418100,173.69199840000002,169.19749984999999,51.02511105687426,3.8,284.525,0.08,4546.54
2022-02-04,171.679993,174.100006,170.679993,172.389999,171.613632,82465400,174.10399780000003,169.2169998,49.00757717587455,3.8,284.525,0.08,4546.54
2022-02-07,172.860001,173.949997,170.949997,171.660004,170.886917,77251200,173.4799988,169.1915001,52.9319071241679,3.8,284.525,0.08,4546.54
2022-02-08,171.729996,175.350006,171.429993,174.830002,174.042633,74829200,173.523999,169.3235001,63.72926658692202,3.8,284.525,0.08,4546.54
2022-02-09,176.050003,176.649994,174.899994,176.279999,175.486099,71285000,173.61199960000002,169.38349995000002,68.95332466000289,3.8,284.525,0.08,4546.54
2022-02-10,174.139999,175.479996,171.550003,172.119995,171.344833,90865900,173.45599980000003,169.21299975,64.66323678491545,3.8,284.525,0.08,4546.54
2022-02-11,172.330002,173.080002,168.039993,168.639999,167.880524,98670700,172.70599980000003,169.0354996,59.804482528645536,3.8,284.525,0.08,4546.54
2022-02-14,167.369995,169.580002,166.559998,168.880005,168.119446,86185500,172.15,168.82599950000002,63.30410934134408,3.8,284.525,0.08,4546.54
2022-02-15,170.970001,172.949997,170.25,172.789993,172.01181,62527400,171.7419982,168.97549899999999,67.22777525381198,3.8,284.525,0.08,4546.54
2022-02-16,171.850006,173.339996,170.050003,172.550003,171.772903,61177400,170.99599899999998,169.29149935,67.6369613708529,3.8,284.525,0.08,4546.54
2022-02-17,171.029999,171.910004,168.470001,168.880005,168.119446,69589300,170.348001,169.50999985,47.611204351215115,3.8,284.525,0.08,4546.54
2022-02-18,169.820007,170.539993,166.190002,167.300003,166.546539,82772700,170.08000180000002,169.75449980000002,36.390091340731054,3.8,284.525,0.08,4546.54
2022-02-22,164.979996,166.690002,162.149994,164.320007,163.579971,91162800,169.1680022,169.8895004,33.0141846992083,3.8,284.525,0.08,4546.54
2022-02-23,165.539993,166.149994,159.75,160.070007,159.349121,90009200,166.624005,169.9040008,26.32842296121163,3.8,284.525,0.08,4546.54
2022-02-24,152.580002,162.850006,152.0,162.740005,162.00708,141147500,164.66200540000003,170.05650095000001,34.62469676494496,3.8,284.525,0.08,4546.54
2022-02-25,163.839996,165.119995,160.869995,164.850006,164.10759,91974200,163.8560056,170.33800119999998,39.11662853970804,3.8,284.525,0.08,4546.54
2022-02-28,163.059998,165.419998,162.429993,165.119995,164.376373,95056600,163.420004,170.07750085,40.432978233475566,3.8,284.525,0.08,4546.54
2022-03-01,164.699997,166.600006,161.970001,163.199997,162.465012,83474400,163.196002,169.49850075,32.34130266104458,3.7,287.467,0.2,4306.26
2022-03-02,164.389999,167.360001,162.949997,166.559998,165.809875,79724800,164.4940002,169.09600059999997,36.05050199961443,3.7,287.467,0.2,4306.26
2022-03-03,168.470001,168.910004,165.550003,166.229996,165.481369,76678400,165.1919984,168.6155006,40.50305442137716,3.7,287.467,0.2,4306.26
2022-03-04,164.490005,165.550003,162.100006,163.169998,162.43515,83737200,164.8559968,168.1290008,41.05915838353145,3.7,287.467,0.2,4306.26
2022-03-07,163.360001,165.020004,159.039993,159.300003,158.582581,96418800,163.6919984,167.47450099999998,36.002316893686235,3.7,287.467,0.2,4306.26
2022-03-08,158.820007,162.880005,155.800003,157.440002,156.730957,131148300,162.5399994,166.7635009,26.142359664692222,3.7,287.467,0.2,4306.26
2022-03-09,161.479996,163.410004,159.410004,162.949997,162.216141,91454900,161.8179992,166.16950065,37.179470263521004,3.7,287.467,0.2,4306.26
2022-03-10,160.199997,160.389999,155.979996,158.520004,157.806107,105342000,160.2760008,165.2815009,36.439778262647266,3.7,287.467,0.2,4306.26
2022-03-11,158.929993,159.279999,154.5,154.729996,154.033157,96970100,158.5880004,164.41200095,34.446900796152434,3.7,287.467,0.2,4306.26
2022-03-14,151.449997,154.119995,150.100006,150.619995,149.941666,108732100,156.8519988,163.51100075,33.509847621496206,3.7,287.467,0.2,4306.26
2022-03-15,150.899994,155.570007,150.380005,155.089996,154.391541,92964300,156.38199759999998,162.8215003,44.03734043844514,3.7,287.467,0.2,4306.26
2022-03-16,157.050003,160.0,154.460007,159.589996,158.871262,102300200,155.7099974,162.16150045,46.386774227464166,3.7,287.467,0.2,4306.26
2022-03-17,158.610001,161.0,157.630005,160.619995,159.896637,75615400,156.1299956,161.56500004999998,45.02468490870413,3.7,287.467,0.2,4306.26
2022-03-18,160.509995,164.479996,159.759995,163.979996,163.241501,123511700,157.9799956,161.3199996,48.75000090460541,3.7,287.467,0.2,4306.26
2022-03-21,163.509995,166.350006,163.009995,165.380005,164.635193,95811400,160.9319976,161.22399969999998,52.41793234978419,3.7,287.467,0.2,4306.26
2022-03-22,165.509995,169.419998,164.910004,168.820007,168.059723,81532000,163.6779998,161.4489997,52.50222403651195,3.7,287.467,0.2,4306.26
2022-03-23,167.990005,172.639999,167.649994,170.210007,169.443451,98062700,165.802002,161.95599969999998,54.30550707666547,3.7,287.467,0.2,4306.26
2022-03-24,171.059998,174.139999,170.210007,174.070007,173.286057,90131400,168.49200439999998,162.5224998,61.59082075810073,3.7,287.467,0.2,4306.26
2022-03-25,173.880005,175.279999,172.75,174.720001,173.933136,80546200,170.6400054,163.01599955,67.60273583536656,3.7,287.467,0.2,4306.26
2022-03-28,172.169998,175.729996,172.0,175.600006,174.809189,90371900,172.6840056,163.5400001,71.20504508079495,3.7,287.467,0.2,4306.26
2022-03-29,176.690002,179.009995,176.339996,178.960007,178.154037,100589400,174.7120056,164.3280006,69.6828184027672,3.7,287.467,0.2,4306.26
2022-03-30,178.550003,179.610001,176.699997,177.770004,176.969406,92633200,176.22400499999998,164.8885009,75.71465089095321,3.7,287.467,0.2,4306.26
2022-03-31,177.839996,178.029999,174.399994,174.610001,173.823639,103049300,176.3320038,165.30750115,77.01086241286997,3.7,287.467,0.2,4306.26
2022-04-01,174.029999,174.880005,171.940002,174.309998,173.524963,78751300,176.25000319999998,165.86450115,85.90480133371244,3.7,288.582,0.33,4545.86
2022-04-04,174.570007,178.490005,174.440002,178.440002,177.636383,76468400,176.8180024,166.8215011,85.75802271998333,3.7,288.582,0.33,4545.86
2022-04-05,177.5,178.300003,174.419998,175.059998,174.271591,73401800,176.03800059999998,167.70250090000002,74.53217294954516,3.7,288.582,0.33,4545.86
2022-04-06,172.360001,173.630005,170.130005,171.830002,171.056152,89058800,174.8500002,168.14650115,66.61725272957852,3.7,288.582,0.33,4545.86
2022-04-07,171.160004,173.360001,169.850006,172.139999,171.364746,77594700,174.3559998,168.8275009,63.29856162745131,3.7,288.582,0.33,4545.86
2022-04-08,171.779999,171.779999,169.199997,170.089996,169.32399,76575500,173.51199939999998,169.5955009,57.51673913976744,3.7,288.582,0.33,4545.86
2022-04-11,168.710007,169.029999,165.5,165.75,165.003525,72246700,170.973999,170.35200115,45.23734697064463,3.7,288.582,0.33,4545.86
2022-04-12,168.020004,169.869995,166.639999,167.660004,166.904938,79265200,169.49400020000002,170.98050154999999,46.10686719422064,3.7,288.582,0.33,4545.86
2022-04-13,167.389999,171.039993,166.770004,170.399994,169.632584,70618900,169.2079986,171.52100145000003,44.198525684616556,3.7,288.582,0.33,4545.86
2022-04-14,170.619995,171.270004,165.039993,165.289993,164.545593,75329400,167.8379974,171.75450135,36.93543171642233,3.7,288.582,0.33,4545.86
2022-04-18,163.919998,166.600006,163.570007,165.070007,164.326599,69023900,166.8339996,171.8090019,35.13970974477522,3.7,288.582,0.33,4545.86
2022-04-19,165.020004,167.820007,163.910004,167.399994,166.646088,67723800,167.1639984,171.91000135000002,33.19764428912259,3.7,288.582,0.33,4545.86
2022-04-20,168.759995,168.880005,166.100006,167.229996,166.476868,67929800,167.0779968,171.8305008,34.212077829184466,3.7,288.582,0.33,4545.86
2022-04-21,168.910004,171.529999,165.910004,166.419998,165.670517,87227800,166.2819976,171.64100034999998,36.80307491142346,3.7,288.582,0.33,4545.86
2022-04-22,166.460007,167.869995,161.5,161.789993,161.06134,84882400,165.58199760000002,171.02699965,32.296357499634624,3.7,288.582,0.33,4545.86
2022-04-25,161.119995,163.169998,158.460007,162.880005,162.146454,96046400,165.1439972,170.43499985,25.92820533257182,3.7,288.582,0.33,4545.86
2022-04-26,162.25,162.339996,156.720001,156.800003,156.093842,95623200,163.023999,169.49499970000002,23.929171851207713,3.7,288.582,0.33,4545.86
2022-04-27,155.910004,159.789993,155.380005,156.570007,155.864883,88063200,160.8920012,168.3754997,26.171132238547912,3.7,288.582,0.33,4545.86
2022-04-28,159.25,164.520004,158.929993,163.639999,162.90303,130216800,160.33600140000001,167.66899945,39.04073417282167,3.7,288.582,0.33,4545.86
2022-04-29,161.839996,166.199997,157.25,157.649994,156.940002,131747600,159.5080016,166.8209991,35.440063022513186,3.7,288.582,0.33,4545.86
2022-06-01,149.899994,151.740005,147.679993,148.710007,148.257782,74286600,146.298001,147.41550065,52.49042883899347,3.6,295.072,1.21,4101.23
2022-06-02,147.830002,151.270004,146.860001,151.210007,150.750183,72348100,148.4360016,146.6750008,60.07454878821705,3.6,295.072,1.21,4101.23
2022-06-03,146.899994,147.970001,144.460007,145.380005,144.937912,88570300,148.75600279999998,146.10550085,48.04343387784204,3.6,295.072,1.21,4101.23
2022-06-06,147.029999,148.570007,144.899994,146.139999,145.695602,71598400,148.0560028,145.54850085,50.6912512794933,3.6,295.072,1.21,4101.23
2022-06-07,144.350006,149.0,144.100006,148.710007,148.257782,67808200,148.03000500000002,145.3810013,49.37308002074662,3.6,295.072,1.21,4101.23
2022-06-08,148.580002,149.869995,147.460007,147.960007,147.510071,53950200,147.88000499999998,145.05350190000001,60.31792205720291,3.6,295.072,1.21,4101.23
2022-06-09,147.080002,147.949997,142.529999,142.639999,142.206238,69473000,146.1660034,144.86050185000002,57.25650677008285,3.6,295.072,1.21,4101.23
2022-06-10,140.279999,140.759995,137.059998,137.130005,136.712997,91437900,144.5160034,144.5890022,49.448716456166906,3.6,295.072,1.21,4101.23
2022-06-13,132.869995,135.199997,131.440002,131.880005,131.478958,122207100,141.6640046,143.82750240000001,36.45356202205663,3.6,295.072,1.21,4101.23
2022-06-14,133.130005,133.889999,131.479996,132.759995,132.356277,84784300,138.4740022,143.1885025,40.39918053533417,3.6,295.072,1.21,4101.23
2022-06-15,134.289993,137.339996,132.160004,135.429993,135.018158,91533000,135.9679994,142.49800190000002,43.953417322759044,3.6,295.072,1.21,4101.23
2022-06-16,132.080002,132.389999,129.039993,130.059998,129.66449,108123900,133.45199920000002,141.96000145,34.47963020617584,3.6,295.072,1.21,4101.23
2022-06-17,130.070007,133.080002,129.809998,131.559998,131.159927,134520300,132.33799779999998,141.67050105,27.30922487136725,3.6,295.072,1.21,4101.23
2022-06-21,133.419998,137.059998,133.320007,135.869995,135.456833,81000500,133.1359958,141.584501,35.040359308165634,3.6,295.072,1.21,4101.23
2022-06-22,134.789993,137.759995,133.910004,135.350006,134.938416,73409200,133.653998,141.19650125,34.727927942345616,3.6,295.072,1.21,4101.23
2022-06-23,136.820007,138.589996,135.630005,138.270004,137.849533,72433800,134.2220002,141.09200140000002,35.348719529334815,3.6,295.072,1.21,4101.23
2022-06-24,139.899994,141.910004,139.770004,141.660004,141.229218,89116800,136.54200139999998,141.1490014,45.54170231805765,3.6,295.072,1.21,4101.23
2022-06-27,142.699997,143.490005,140.970001,141.660004,141.229218,70207900,138.5620026,141.04300165,44.53125303268601,3.6,295.072,1.21,4101.23
2022-06-28,142.130005,143.419998,137.320007,137.440002,137.022064,67083400,138.876004,140.4330018,36.77538996682252,3.6,295.072,1.21,4101.23
2022-06-29,137.460007,140.669998,136.669998,139.229996,138.80661,66242400,139.65200199999998,139.9525018,39.99997938142675,3.6,295.072,1.21,4101.23
2022-06-30,137.25,138.369995,133.770004,136.720001,136.304245,98964500,139.34200140000002,139.35300149999998,42.7521976519463,3.6,295.072,1.21,4101.23
2022-07-01,136.039993,139.039993,135.660004,138.929993,138.507507,71051600,138.7959992,138.7390008,52.39742993797273,3.5,294.94,1.68,3825.33
2022-07-05,137.770004,141.610001,136.929993,141.559998,141.129517,73353800,138.775998,138.54800045000002,63.86025984283201,3.5,294.94,1.68,3825.33
2022-07-06,141.350006,144.119995,141.080002,142.919998,142.485397,74064300,139.8719972,138.3870004,64.35030091131448,3.5,294.94,1.68,3825.33
2022-07-07,143.289993,146.550003,143.279999,146.350006,145.904968,66253700,141.2959992,138.26900035,65.09958593721377,3.5,294.94,1.68,3825.33
2022-07-08,145.259995,147.550003,145.0,147.039993,146.59285,64547800,143.35999759999999,138.22299965,76.96952477745613,3.5,294.94,1.68,3825.33
2022-07-11,145.669998,146.639999,143.779999,144.869995,144.429443,63141600,144.547998,138.33449945,70.69986234821715,3.5,294.94,1.68,3825.33
2022-07-12,145.759995,148.449997,145.050003,145.860001,145.416443,77588800,145.4079986,138.77099925,67.32572842417412,3.5,294.94,1.68,3825.33
2022-07-13,142.990005,146.449997,142.119995,145.490005,145.047577,71185600,145.922,139.45149925,67.67783423566419,3.5,294.94,1.68,3825.33
2022-07-14,144.080002,148.949997,143.25,148.470001,148.018509,78140700,146.34599899999998,140.23699955,67.74531046108277,3.5,294.94,1.68,3825.33
2022-07-15,149.779999,150.860001,148.199997,150.169998,149.713348,76259900,146.972,140.9739998,65.73013225593986,3.5,294.94,1.68,3825.33
2022-07-18,150.740005,151.570007,146.699997,147.070007,146.622772,81420900,147.41200239999998,141.82450025,58.971822423553576,3.5,294.94,1.68,3825.33
2022-07-19,147.919998,151.229996,146.910004,151.0,150.540817,82982400,148.44000219999998,142.79650035,72.70598974050797,3.5,294.94,1.68,3825.33
2022-07-20,151.119995,153.720001,150.369995,153.039993,152.574615,64823400,149.9499998,143.65500025,72.93260830628216,3.5,294.94,1.68,3825.33
2022-07-21,154.5,155.570007,151.940002,155.350006,154.877594,65086600,151.3260008,144.65500025,81.1434646802613,3.5,294.94,1.68,3825.33
2022-07-22,155.389999,156.279999,153.410004,154.089996,153.621414,66675400,152.1100004,145.44599985,76.17404465532846,3.5,294.94,1.68,3825.33
2022-07-25,154.009995,155.039993,152.279999,152.949997,152.484894,53623900,153.28599839999998,146.01049949999998,70.73171530805595,3.5,294.94,1.68,3825.33
2022-07-26,152.259995,153.089996,150.800003,151.600006,151.139008,55138700,153.40599960000003,146.50749960000002,65.80483422091598,3.5,294.94,1.68,3825.33
2022-07-27,152.580002,157.330002,152.160004,156.789993,156.313202,78620700,154.1559996,147.47499914999997,67.86448043027576,3.5,294.94,1.68,3825.33
2022-07-28,156.979996,157.639999,154.410004,157.350006,156.871521,81378700,154.5559996,148.38099964999998,67.72089897749336,3.5,294.94,1.68,3825.33
2022-07-29,161.240005,163.630005,159.5,162.509995,162.015808,101786900,156.23999940000002,149.67049935,77.49378786903007,3.5,294.94,1.68,3825.33
2022-08-01,161.009995,163.589996,160.889999,161.509995,161.01886,67829400,157.951999,150.79949945,74.38455843894889,3.6,295.162,2.33,4118.63
2022-08-02,160.100006,162.410004,159.630005,160.009995,159.523407,59907000,159.6339968,151.7219993,71.85430800483519,3.6,295.162,2.33,4118.63
2022-08-03,160.839996,166.589996,160.75,166.130005,165.624817,82507500,161.5019992,152.88249965,74.28494334403761,3.6,295.162,2.33,4118.63
2022-08-04,166.009995,167.190002,164.429993,165.809998,165.305786,55474100,163.19399760000002,153.85549925,72.35563434598451,3.6,295.162,2.33,4118.63
2022-08-05,163.210007,165.850006,163.0,165.350006,165.076172,56697000,163.7619998,154.7709999,78.26221505215352,3.6,295.162,2.33,4118.63
2022-08-08,166.369995,167.809998,164.199997,164.869995,164.596954,60276900,164.4339998,155.7709999,74.00482485038512,3.6,295.162,2.33,4118.63
2022-08-09,164.020004,165.820007,163.25,164.919998,164.646866,63135500,165.4160004,156.72399975000002,72.08177315820333,3.6,295.162,2.33,4118.63
2022-08-10,167.679993,169.339996,166.899994,169.240005,168.959732,70170500,166.0380004,157.91149975,74.02281195318477,3.6,295.162,2.33,4118.63
2022-08-11,170.059998,170.990005,168.190002,168.490005,168.210968,57149200,166.5740018,158.91249995,75.352120487004,3.6,295.162,2.33,4118.63
2022-08-12,169.820007,172.169998,169.399994,172.100006,171.814987,68039400,167.92400179999998,160.00900035,81.01717229708792,3.6,295.162,2.33,4118.63
2022-08-15,171.520004,173.389999,171.350006,173.190002,172.903183,54091700,169.5880032,161.3150001,85.26622789089683,3.6,295.162,2.33,4118.63
2022-08-16,172.779999,173.710007,171.660004,173.029999,172.743439,56377100,171.2100034,162.41650005000002,81.74352166564917,3.6,295.162,2.33,4118.63
2022-08-17,172.770004,176.149994,172.570007,174.550003,174.260925,79542000,172.27200299999998,163.49200055,82.40388487982844,3.6,295.162,2.33,4118.63
2022-08-18,173.75,174.899994,173.119995,174.149994,173.861588,62290100,173.4040008,164.43199995,76.72170803335872,3.6,295.162,2.33,4118.63
2022-08-19,173.029999,173.740005,171.309998,171.520004,171.235947,70346300,173.28800040000002,165.30350034999998,71.37974132714803,3.6,295.162,2.33,4118.63
2022-08-22,169.690002,169.860001,167.139999,167.570007,167.292496,69026800,172.1640014,166.03450085000003,64.61717561812571,3.6,295.162,2.33,4118.63
2022-08-23,167.080002,168.710007,166.649994,167.229996,166.953049,54147100,171.0040008,166.81600035000002,52.739017185780206,3.6,295.162,2.33,4118.63
2022-08-24,167.320007,168.110001,166.25,167.529999,167.252548,53841500,169.6,167.35300065,54.28713530644798,3.6,295.162,2.33,4118.63
2022-08-25,168.779999,170.139999,168.350006,170.029999,169.748413,51218200,168.776001,167.9870003,60.58820268836676,3.6,295.162,2.33,4118.63
2022-08-26,170.570007,171.050003,163.559998,163.619995,163.349014,78961000,167.19599920000002,168.0425003,47.770248392188556,3.6,295.162,2.33,4118.63
2022-08-29,161.149994,162.899994,159.820007,161.380005,161.112747,73314000,165.95799879999998,168.03600079999998,44.14296617655553,3.6,295.162,2.33,4118.63
2022-08-30,162.130005,162.559998,157.720001,158.910004,158.646835,77906200,164.29400040000002,167.98100125000002,31.794152761812654,3.6,295.162,2.33,4118.63
2022-08-31,160.309998,160.580002,157.139999,157.220001,156.959625,87991100,162.2320008,167.53550105,30.77448074739786,3.6,295.162,2.33,4118.63
2022-09-01,156.639999,158.419998,154.669998,157.960007,157.69841,74229900,159.81800239999998,167.1430015,23.26023088411776,3.5,296.421,2.56,3966.85
2022-09-02,159.75,160.360001,154.970001,155.809998,155.551956,76957800,158.25600300000002,166.66600110000002,18.400027199970324,3.5,296.421,2.56,3966.85
2022-09-06,156.470001,157.089996,153.690002,154.529999,154.274078,73714800,156.8860018,166.1490013,17.67997345634835,3.5,296.421,2.56,3966.85
2022-09-07,154.820007,156.669998,153.610001,155.960007,155.701721,87449600,156.2960024,165.70100175,17.420300644618976,3.5,296.421,2.56,3966.85
2022-09-08,154.639999,156.360001,152.679993,154.460007,154.204208,84923800,155.74400359999998,164.96200185,16.773585816898304,3.5,296.421,2.56,3966.85
2022-09-09,155.470001,157.820007,154.75,157.369995,157.109375,68028800,155.6260012,164.40600135,26.345703758997914,3.5,296.421,2.56,3966.85
2022-09-12,159.589996,164.259995,159.300003,163.429993,163.159332,104956000,157.15000019999997,163.9725007,43.53527262006706,3.5,296.421,2.56,3966.85
2022-09-13,159.899994,160.539993,153.369995,153.839996,153.58522,122656600,157.0119996,163.0050004,33.777564752474234,3.5,296.421,2.56,3966.85
2022-09-14,154.789993,157.100006,153.610001,155.309998,155.05278,87965400,156.8819978,162.11900035,35.60320504203521,3.5,296.421,2.56,3966.85
2022-09-15,154.649994,155.240005,151.380005,152.369995,152.117645,90481100,156.46399540000002,161.00999995,29.407648431408845,3.5,296.421,2.56,3966.85
2022-09-16,151.210007,151.350006,148.369995,150.699997,150.450424,162278800,155.12999580000002,159.8375001,33.06240518812767,3.5,296.421,2.56,3966.85
2022-09-19,149.309998,154.559998,149.100006,154.479996,154.224152,81474200,153.33999640000002,158.98549970000002,41.305434617949054,3.5,296.421,2.56,3966.85
2022-09-20,153.399994,158.080002,153.080002,156.899994,156.640152,107689800,153.951996,158.45199904999998,47.46403028735195,3.5,296.421,2.56,3966.85
2022-09-21,157.339996,158.740005,153.600006,153.720001,153.465424,101696800,153.6339966,157.77649929999998,45.74416321712855,3.5,296.421,2.56,3966.85
2022-09-22,152.380005,154.470001,150.910004,152.740005,152.487045,86652500,153.70799859999997,157.0369996,43.68955087704571,3.5,296.421,2.56,3966.85
2022-09-23,151.190002,151.470001,148.559998,150.429993,150.180862,96029900,153.6539978,156.0569993,43.52118717944808,3.5,296.421,2.56,3966.85
2022-09-26,149.660004,153.770004,149.639999,150.770004,150.520309,93339400,152.91199939999998,155.41449975,45.36718245190863,3.5,296.421,2.56,3966.85
2022-09-27,152.740005,154.720001,149.949997,151.759995,151.508667,84442700,151.88399959999998,154.93349925,44.76829413941501,3.5,296.421,2.56,3966.85
2022-09-28,147.639999,150.639999,144.839996,149.839996,149.591843,146691400,151.1079986,154.47999885,44.30471806140957,3.5,296.421,2.56,3966.85
2022-09-29,146.100006,146.720001,140.679993,142.479996,142.244034,128138200,149.0559968,153.74299860000002,33.4592312903287,3.5,296.421,2.56,3966.85
2022-09-30,141.279999,143.100006,138.0,138.199997,137.971115,124925300,146.60999759999999,152.7549981,20.818879057084388,3.5,296.421,2.56,3966.85
2022-11-01,155.080002,155.449997,149.130005,150.649994,150.400497,80379300,150.77600080000002,145.36899939999998,62.895448796260446,3.6,298.708,3.78,3856.1
2022-11-02,148.949997,152.169998,145.0,145.029999,144.78981,93604600,149.9119994,145.30049965,52.09444986402053,3.6,298.708,3.78,3856.1
2022-11-03,142.059998,142.800003,138.75,138.880005,138.650009,97918500,148.7279998,144.97300024999998,50.497611564015045,3.6,298.708,3.78,3856.1
2022-11-04,142.089996,142.669998,134.380005,138.380005,138.380005,140814800,145.25599979999998,144.8875007,45.686148815571414,3.6,298.708,3.78,3856.1
2022-11-07,137.110001,139.149994,135.669998,138.919998,138.919998,83374600,142.3720002,144.8125007,44.73970457147581,3.6,298.708,3.78,3856.1
2022-11-08,140.410004,141.429993,137.490005,139.5,139.5,89908500,140.14200140000003,144.8385009,45.29969595292486,3.6,298.708,3.78,3856.1
2022-11-09,138.5,138.550003,134.589996,134.869995,134.869995,74917800,138.11000059999998,144.66500085,41.57102755378355,3.6,298.708,3.78,3856.1
2022-11-10,141.240005,146.869995,139.5,146.869995,146.869995,118854000,139.7079986,144.85900035,49.65904441813121,3.6,298.708,3.78,3856.1
2022-11-11,145.820007,150.009995,144.369995,149.699997,149.699997,93979700,141.97199700000002,145.42499995,50.210757053499044,3.6,298.708,3.78,3856.1
2022-11-14,148.970001,150.279999,147.429993,148.279999,148.279999,73374100,143.8439972,145.7184997,46.49032040891427,3.6,298.708,3.78,3856.1
2022-11-15,152.220001,153.589996,148.559998,150.039993,150.039993,89868300,145.95199580000002,146.03299935,50.6094214910691,3.6,298.708,3.78,3856.1
2022-11-16,149.130005,149.869995,147.289993,148.789993,148.789993,64218300,148.7359954,146.27949895,53.74225314141837,3.6,298.708,3.78,3856.1
2022-11-17,146.429993,151.479996,146.149994,150.720001,150.720001,80389400,149.5059966,146.64599905,44.33408151990602,3.6,298.708,3.78,3856.1
2022-11-18,152.309998,152.699997,149.970001,151.289993,151.289993,74829600,149.82399579999998,146.8469985,47.58652728509322,3.6,298.708,3.78,3856.1
2022-11-21,150.160004,150.369995,147.720001,148.009995,148.009995,58724100,149.769995,146.77499840000002,46.934509794604885,3.6,298.708,3.78,3856.1
2022-11-22,148.130005,150.419998,146.929993,150.179993,150.179993,51804100,149.797995,146.66699825,56.5008786673582,3.6,298.708,3.78,3856.1
2022-11-23,149.449997,151.830002,149.339996,151.070007,151.070007,58301400,150.2539978,146.7529983,67.74381452764895,3.6,298.708,3.78,3856.1
2022-11-25,148.309998,148.880005,147.119995,148.110001,148.110001,35195900,149.7319978,146.9184982,63.21650822697413,3.6,298.708,3.78,3856.1
2022-11-28,145.139999,146.639999,143.380005,144.220001,144.220001,69246000,148.31799940000002,146.342498,56.59860651951417,3.6,298.708,3.78,3856.1
2022-11-29,144.289993,144.809998,140.350006,141.169998,141.169998,83763800,146.95,145.7339981,51.95871134748288,3.6,298.708,3.78,3856.1
2022-11-30,141.399994,148.720001,140.550003,148.029999,148.029999,111380900,146.52000120000002,145.60299834999998,64.6678554313425,3.6,298.708,3.78,3856.1
2022-12-01,148.210007,149.130005,146.610001,148.309998,148.309998,71250400,145.9679994,145.7669983,52.17260476029388,3.5,298.808,4.1,4076.57
